1,2022-09-20,50
2,2020-09-20,56
3,2019-02-18,18
4,2022-05-17,100
5,2019-09-13,69
6,2018-09-29,24
7,2020-08-25,92
8,2020-05-02,18
9,2022-11-05,88
10,2017-12-11,92
11,2017-10-04,73
12,2018-09-30,63
13,2021-11-25,1
14,2019-05-02,15
15,2021-12-04,74
16,2022-09-20,4
17,2022-09-02,45
18,2016-03-22,100
19,2017-07-08,79
20,2015-12-17,80
21,2018-08-10,93
22,2017-02-06,13
23,2019-03-10,41
24,2018-08-16,60
25,2020-06-25,96
26,2017-12-03,45
27,2022-02-03,59
28,2016-12-18,69
29,2015-11-11,16
30,2020-05-17,82
31,2016-03-17,56
32,2018-09-13,6
33,2022-03-19,58
34,2019-12-16,19
35,2022-03-14,24
36,2016-07-17,98
37,2022-03-14,52
38,2018-03-03,21
39,2019-11-21,75
40,2016-07-10,23
41,2016-12-04,88
42,2016-03-14,53
43,2020-02-19,54
44,2021-12-03,47
45,2018-12-15,83
46,2016-02-24,71
47,2020-07-15,60
48,2015-09-19,76
49,2018-10-30,39
50,2022-04-02,6
51,2016-01-08,3
52,2017-09-03,11
53,2021-12-29,43
54,2023-01-23,4
55,2018-09-23,39
56,2017-07-19,47
57,2021-10-15,41
58,2017-05-14,71
59,2018-05-21,29
60,2022-07-21,5
61,2016-10-25,60
62,2017-10-03,9
63,2018-10-18,70
64,2016-04-24,39
65,2017-05-15,94
66,2018-10-09,9
67,2018-05-22,59
68,2016-01-25,92
69,2016-07-21,10
70,2021-06-11,30
71,2020-02-28,57
72,2021-11-08,83
73,2019-08-04,64
74,2016-12-16,72
75,2016-12-01,12
76,2021-03-29,15
77,2020-01-08,100
78,2020-09-08,25
79,2020-05-04,68
80,2020-03-12,55
81,2021-06-28,4
82,2021-04-01,87
83,2021-05-21,37
84,2017-03-17,10
85,2021-08-02,84
86,2018-01-17,2
87,2022-06-02,33
88,2021-03-29,49
89,2021-04-25,8
90,2016-08-21,43
91,2020-08-30,37
92,2017-06-09,42
93,2019-04-08,9
94,2018-05-10,78
95,2018-03-06,16
96,2016-10-29,41
97,2020-02-11,85
98,2017-01-03,42
99,2020-01-30,59
100,2019-01-12,69
101,2021-07-31,73
102,2017-11-02,36
103,2019-05-16,67
104,2016-06-08,78
105,2022-04-18,61
106,2019-04-09,98
107,2022-07-22,46
108,2017-05-03,58
109,2016-05-02,50
110,2019-04-23,72
111,2020-05-18,64
112,2016-05-19,73
113,2018-04-27,65
114,2022-09-27,36
115,2020-10-18,24
116,2021-11-14,31
117,2018-01-06,43
118,2022-11-26,42
119,2016-12-04,38
120,2016-11-08,38
121,2016-09-17,10
122,2016-05-30,18
123,2018-02-09,91
124,2022-09-06,31
125,2020-09-27,48
126,2018-04-27,91
127,2017-04-19,89
128,2019-04-11,68
129,2020-02-10,88
130,2019-11-04,25
131,2019-01-18,82
132,2018-06-07,11
133,2020-12-06,42
134,2019-05-24,53
135,2018-09-11,90
136,2017-12-20,50
137,2023-01-08,25
138,2020-09-28,39
139,2017-07-12,76
140,2018-08-24,34
141,2016-08-21,89
142,2020-06-07,84
143,2020-04-08,17
144,2022-11-28,16
145,2016-03-27,5
146,2021-11-08,25
147,2021-02-14,5
148,2023-01-26,35
149,2021-01-13,59
150,2021-01-05,48
151,2021-04-04,66
152,2016-02-06,66
153,2020-06-15,98
154,2020-06-26,31
155,2021-03-17,72
156,2015-11-16,32
157,2022-04-15,32
158,2018-03-15,30
159,2022-03-28,96
160,2016-06-15,19
161,2019-11-26,76
162,2018-04-17,16
163,2022-12-04,99
164,2021-07-12,20
165,2018-07-08,98
166,2015-11-22,44
167,2022-10-14,92
168,2022-11-14,36
169,2021-09-13,89
170,2021-02-05,53
171,2022-07-21,94
172,2018-07-17,21
173,2017-03-19,58
174,2019-04-12,3
175,2019-11-08,9
176,2018-12-31,75
177,2020-05-28,84
178,2017-10-17,55
179,2022-01-04,13
180,2018-10-05,41
181,2018-04-20,1
182,2016-09-08,40
183,2019-04-23,88
184,2017-11-14,12
185,2016-11-09,29
186,2019-05-11,62
187,2016-11-17,33
188,2018-05-09,23
189,2023-02-01,77
190,2023-01-20,73
191,2020-05-14,29
192,2016-09-14,54
193,2021-05-04,97
194,2017-12-12,3
195,2020-03-20,8
196,2021-12-07,5
197,2021-07-30,84
198,2021-11-03,74
199,2020-01-28,34
200,2015-12-31,83
201,2018-08-11,30
202,2017-11-01,50
203,2016-12-15,69
204,2016-10-13,15
205,2022-12-02,99
206,2018-01-05,52
207,2015-11-14,21
208,2021-12-21,81
209,2022-10-28,90
210,2017-03-06,21
211,2018-01-23,40
212,2021-08-13,56
213,2017-10-11,1
214,2018-09-19,57
215,2016-01-30,20
216,2018-09-22,38
217,2016-04-07,10
218,2017-11-16,96
219,2019-06-18,53
220,2016-03-01,89
221,2016-02-05,6
222,2019-04-29,89
223,2020-12-12,22
224,2016-10-26,16
225,2018-11-24,85
226,2016-05-28,56
227,2020-01-03,13
228,2021-10-03,9
229,2022-04-29,41
230,2022-10-07,95
231,2016-05-30,56
232,2019-08-19,21
233,2019-12-23,99
234,2018-12-16,66
235,2019-06-19,85
236,2019-11-19,61
237,2015-10-22,55
238,2016-11-28,1
239,2022-10-21,89
240,2020-06-01,52
241,2016-03-15,73
242,2017-02-24,60
243,2016-01-15,65
244,2017-07-15,80
245,2021-05-05,13
246,2019-10-08,55
247,2017-12-04,69
248,2022-01-08,55
249,2017-08-21,61
250,2022-04-01,80
251,2018-03-28,29
252,2016-03-08,27
253,2015-12-09,6
254,2018-02-05,45
255,2019-08-23,80
256,2018-11-06,56
257,2016-05-28,75
258,2018-09-22,87
259,2022-08-08,91
260,2019-01-15,49
261,2020-08-29,17
262,2016-09-26,77
263,2018-05-09,64
264,2017-05-01,59
265,2021-04-29,69
266,2017-06-01,63
267,2019-11-27,15
268,2018-04-24,13
269,2021-11-24,27
270,2017-08-12,93
271,2020-08-26,71
272,2021-12-25,60
273,2020-08-12,93
274,2018-09-05,32
275,2019-07-22,27
276,2021-02-20,62
277,2020-12-19,82
278,2021-07-12,15
279,2020-12-13,1
280,2020-06-26,68
281,2017-02-09,4
282,2016-10-27,19
283,2016-07-02,57
284,2020-01-21,97
285,2021-11-22,64
286,2016-05-20,92
287,2021-02-17,68
288,2017-10-21,15
289,2018-05-31,73
290,2022-01-13,15
291,2020-02-28,39
292,2022-12-18,19
293,2015-10-23,13
294,2019-10-23,95
295,2020-12-17,18
296,2016-10-24,1
297,2022-01-17,1
298,2018-10-20,73
299,2021-03-25,3
300,2018-07-17,14
301,2015-09-22,10
302,2017-05-05,57
303,2022-11-25,72
304,2022-06-11,21
305,2020-09-28,100
306,2020-11-07,4
307,2019-05-09,59
308,2017-12-29,21
309,2020-12-13,32
310,2016-03-25,7
311,2018-01-29,56
312,2019-05-28,3
313,2021-12-02,9
314,2020-07-06,65
315,2022-07-20,64
316,2019-06-07,41
317,2022-02-25,67
318,2020-06-07,16
319,2017-01-28,25
320,2018-01-17,47
321,2015-12-13,84
322,2019-05-05,52
323,2019-07-29,71
324,2020-10-21,57
325,2020-09-25,85
326,2018-12-13,50
327,2022-10-28,14
328,2017-09-18,23
329,2023-02-03,81
330,2016-09-17,44
331,2020-10-04,63
332,2019-01-18,24
333,2018-02-27,28
334,2020-09-01,62
335,2021-10-11,60
336,2017-03-09,34
337,2018-04-01,1
338,2018-03-28,76
339,2017-10-02,95
340,2020-01-29,26
341,2022-05-14,29
342,2021-05-17,15
343,2016-08-23,13
344,2022-01-27,65
345,2019-05-22,84
346,2019-07-19,16
347,2017-02-26,27
348,2018-08-06,34
349,2019-02-08,51
350,2021-04-11,83
351,2018-01-08,93
352,2022-05-10,92
353,2019-04-13,47
354,2016-12-18,41
355,2016-04-27,90
356,2017-09-08,80
357,2017-05-31,96
358,2018-11-27,91
359,2022-05-19,65
360,2017-11-13,2
361,2020-01-31,2
362,2019-09-02,48
363,2016-01-13,10
364,2016-06-15,76
365,2019-03-27,52
366,2015-09-10,92
367,2022-03-21,58
368,2019-05-29,33
369,2021-08-22,47
370,2020-10-13,65
371,2023-01-09,51
372,2020-04-04,61
373,2022-09-08,8
374,2018-05-24,37
375,2017-10-26,6
376,2019-06-22,13
377,2020-07-03,33
378,2019-09-08,33
379,2020-07-07,68
380,2017-04-15,54
381,2023-01-10,36
382,2020-12-09,96
383,2017-07-29,2
384,2022-03-24,79
385,2016-10-02,60
386,2020-04-01,9
387,2017-03-28,73
388,2016-11-25,49
389,2018-11-20,70
390,2015-12-16,14
391,2016-02-09,31
392,2019-07-30,72
393,2016-06-24,19
394,2021-12-03,53
395,2021-01-10,93
396,2017-02-01,52
397,2022-10-17,50
398,2021-07-23,37
399,2021-11-18,66
400,2018-01-30,87
401,2017-11-16,99
402,2022-01-12,26
403,2020-07-11,61
404,2016-08-02,61
405,2017-11-27,50
406,2019-05-29,72
407,2017-05-26,66
408,2022-04-04,49
409,2023-01-24,72
410,2019-03-05,100
411,2018-03-29,57
412,2017-02-17,10
413,2015-10-24,3
414,2017-11-26,80
415,2016-08-21,87
416,2016-02-23,33
417,2022-11-18,49
418,2022-08-28,89
419,2017-03-12,39
420,2021-12-06,41
421,2021-06-14,3
422,2017-12-16,73
423,2020-03-11,33
424,2018-07-10,8
425,2020-08-10,35
426,2019-03-25,26
427,2015-09-29,50
428,2019-08-17,48
429,2018-11-14,64
430,2020-11-11,67
431,2021-07-16,56
432,2021-07-04,42
433,2018-01-08,34
434,2021-07-27,78
435,2016-05-31,87
436,2019-11-11,31
437,2019-12-14,79
438,2015-12-13,26
439,2017-12-18,56
440,2016-05-06,31
441,2017-06-12,1
442,2018-05-28,14
443,2021-05-31,25
444,2022-03-05,45
445,2016-08-07,70
446,2022-05-29,25
447,2016-02-26,2
448,2021-06-24,31
449,2017-12-31,92
450,2019-10-18,24
451,2017-09-19,32
452,2018-06-11,73
453,2015-10-16,60
454,2022-04-07,54
455,2020-06-21,86
456,2020-08-10,70
457,2016-11-19,39
458,2018-02-13,100
459,2019-12-05,42
460,2021-08-14,19
461,2020-07-10,59
462,2017-12-25,22
463,2020-09-11,71
464,2016-11-12,58
465,2017-12-20,69
466,2016-07-14,6
467,2019-06-17,1
468,2021-04-25,17
469,2021-03-21,53
470,2017-04-11,89
471,2018-03-03,33
472,2016-04-03,22
473,2022-06-15,70
474,2021-05-08,86
475,2019-05-07,49
476,2022-10-12,45
477,2022-08-17,98
478,2019-02-16,53
479,2020-07-30,90
480,2021-11-02,57
481,2019-02-24,48
482,2022-11-10,61
483,2015-12-30,61
484,2017-04-29,74
485,2016-09-02,65
486,2017-02-23,89
487,2016-04-10,62
488,2016-04-05,86
489,2017-10-15,65
490,2021-03-19,42
491,2022-06-12,33
492,2016-01-23,64
493,2021-08-08,26
494,2017-06-22,96
495,2017-05-04,41
496,2021-01-30,45
497,2021-12-23,37
498,2017-08-11,65
499,2017-02-13,60
500,2017-08-20,35
501,2020-09-20,47
502,2018-10-18,77
503,2018-05-21,37
504,2019-12-24,46
505,2018-11-23,51
506,2020-06-09,94
507,2022-05-21,93
508,2021-01-25,40
509,2022-09-10,23
510,2015-11-23,52
511,2021-11-14,20
512,2016-04-21,19
513,2017-10-17,86
514,2018-10-20,55
515,2018-08-13,87
516,2016-04-05,28
517,2020-09-21,55
518,2019-03-17,89
519,2020-12-05,11
520,2016-02-11,67
521,2018-01-06,91
522,2019-11-15,73
523,2017-12-04,41
524,2019-12-10,58
525,2019-09-07,35
526,2019-02-24,15
527,2019-09-22,73
528,2017-02-09,13
529,2019-07-22,15
530,2019-08-04,39
531,2022-12-11,4
532,2021-01-22,33
533,2017-12-16,51
534,2019-10-12,42
535,2016-12-21,76
536,2019-11-11,68
537,2020-03-09,50
538,2015-09-19,73
539,2016-10-14,70
540,2022-02-06,92
541,2020-02-11,23
542,2017-02-13,84
543,2015-10-23,36
544,2023-02-01,3
545,2018-09-02,63
546,2018-05-13,27
547,2019-04-11,54
548,2016-12-30,97
549,2019-10-06,50
550,2018-08-27,16
551,2021-05-31,27
552,2021-05-25,17
553,2016-05-16,63
554,2021-01-09,27
555,2016-01-21,85
556,2020-08-25,85
557,2022-06-06,35
558,2020-05-26,5
559,2022-03-15,80
560,2018-01-23,89
561,2018-04-29,10
562,2021-08-15,87
563,2020-04-01,9
564,2016-03-15,34
565,2016-06-26,11
566,2017-01-21,12
567,2018-04-15,100
568,2017-12-24,46
569,2020-02-22,18
570,2017-06-19,75
571,2016-06-17,72
572,2021-01-09,50
573,2017-03-25,41
574,2019-02-03,68
575,2018-01-20,53
576,2017-05-11,49
577,2020-04-22,41
578,2017-12-25,47
579,2020-06-01,73
580,2018-03-06,63
581,2019-08-18,97
582,2020-06-16,13
583,2019-11-04,83
584,2017-06-28,42
585,2016-07-29,70
586,2015-09-15,18
587,2022-01-29,95
588,2016-09-25,82
589,2020-06-13,2
590,2022-10-09,26
591,2017-11-20,63
592,2020-02-16,4
593,2019-10-07,8
594,2021-12-23,89
595,2021-03-13,45
596,2020-07-17,85
597,2018-10-21,6
598,2020-08-04,17
599,2017-12-01,38
600,2017-03-24,18
601,2017-02-26,47
602,2015-12-03,86
603,2016-04-05,25
604,2019-02-27,76
605,2016-10-14,29
606,2019-01-30,93
607,2020-12-01,22
608,2019-08-22,44
609,2018-12-10,14
610,2019-12-23,23
611,2020-06-07,54
612,2019-01-14,2
613,2020-02-09,89
614,2018-07-04,96
615,2021-09-18,54
616,2021-10-13,14
617,2019-12-21,62
618,2018-08-06,30
619,2017-08-06,56
620,2022-01-30,34
621,2019-12-30,38
622,2022-05-29,31
623,2017-02-25,38
624,2021-04-26,56
625,2018-02-07,8
626,2021-12-23,10
627,2016-07-13,35
628,2018-05-14,95
629,2019-12-27,94
630,2018-03-01,30
631,2016-12-06,55
632,2023-01-24,75
633,2020-01-17,95
634,2017-01-18,50
635,2016-03-02,56
636,2021-06-24,33
637,2015-12-21,61
638,2019-12-26,4
639,2022-12-31,90
640,2015-12-21,21
641,2016-02-17,72
642,2020-07-22,81
643,2015-12-11,86
644,2019-12-06,47
645,2020-05-29,42
646,2022-05-28,47
647,2020-06-03,48
648,2016-02-01,7
649,2022-08-06,70
650,2022-07-12,78
651,2016-08-23,71
652,2021-05-20,89
653,2022-02-06,21
654,2017-04-14,88
655,2016-06-16,98
656,2021-06-04,42
657,2021-01-01,9
658,2016-05-27,99
659,2020-02-15,61
660,2016-10-11,54
661,2022-04-14,99
662,2022-09-11,31
663,2018-08-12,34
664,2020-11-04,68
665,2017-11-15,22
666,2017-07-07,17
667,2017-04-20,8
668,2019-06-01,7
669,2020-09-29,82
670,2016-11-26,54
671,2020-06-21,39
672,2021-05-01,14
673,2020-09-23,24
674,2020-08-29,68
675,2021-05-12,48
676,2015-11-12,72
677,2020-03-06,60
678,2022-03-31,91
679,2021-12-29,14
680,2022-06-19,65
681,2020-11-08,100
682,2015-11-06,74
683,2018-01-27,75
684,2019-10-10,73
685,2021-09-08,56
686,2018-04-16,51
687,2020-03-22,47
688,2016-08-03,57
689,2021-08-24,39
690,2021-05-05,95
691,2021-02-01,36
692,2019-09-12,84
693,2021-03-22,65
694,2019-02-15,69
695,2018-07-04,94
696,2022-08-25,80
697,2019-07-28,41
698,2018-07-17,14
699,2021-10-24,48
700,2015-10-07,23
701,2016-06-05,44
702,2017-11-22,72
703,2019-11-05,89
704,2021-03-14,89
705,2019-07-06,81
706,2021-05-12,24
707,2016-10-31,74
708,2020-07-19,100
709,2016-06-27,20
710,2019-06-30,1
711,2019-10-09,13
712,2022-06-23,53
713,2019-01-29,31
714,2018-04-06,68
715,2020-10-23,58
716,2015-09-19,36
717,2016-10-10,90
718,2020-05-28,5
719,2019-12-17,20
720,2020-04-01,54
721,2017-03-05,80
722,2016-06-27,100
723,2020-08-31,34
724,2021-08-07,98
725,2021-03-10,8
726,2017-12-28,18
727,2016-10-15,4
728,2018-10-22,23
729,2018-04-20,34
730,2016-04-06,62
731,2021-12-02,94
732,2017-06-06,23
733,2018-07-05,45
734,2016-06-20,22
735,2018-07-23,4
736,2017-03-09,29
737,2018-02-04,58
738,2017-02-25,67
739,2017-08-20,28
740,2022-03-09,27
741,2018-01-22,75
742,2017-06-28,2
743,2019-05-04,81
744,2020-05-11,63
745,2022-06-23,28
746,2019-12-08,3
747,2021-07-07,36
748,2018-07-22,6
749,2015-10-17,16
750,2018-08-03,75
751,2017-12-08,75
752,2022-03-05,99
753,2017-10-16,29
754,2018-08-03,56
755,2021-02-14,58
756,2022-03-18,56
757,2019-09-21,53
758,2018-04-17,2
759,2021-10-18,17
760,2015-10-24,46
761,2016-09-22,85
762,2022-05-30,51
763,2023-01-21,91
764,2022-12-05,1
765,2017-06-14,41
766,2019-09-11,63
767,2022-04-27,77
768,2018-02-10,69
769,2018-05-22,60
770,2020-04-22,1
771,2016-01-19,77
772,2018-07-28,27
773,2021-12-15,8
774,2016-04-24,36
775,2021-01-13,35
776,2019-06-25,82
777,2017-12-31,41
778,2019-03-16,44
779,2019-11-08,91
780,2018-09-08,98
781,2016-05-18,1
782,2016-02-16,44
783,2016-11-17,91
784,2022-05-05,66
785,2022-11-24,79
786,2018-09-12,48
787,2017-12-18,52
788,2022-01-05,76
789,2019-07-31,88
790,2020-09-07,51
791,2020-03-24,85
792,2022-10-29,89
793,2017-07-08,65
794,2016-04-30,62
795,2022-12-21,81
796,2021-05-06,93
797,2016-10-05,91
798,2017-12-02,4
799,2016-03-08,1
800,2021-11-28,66
801,2022-05-25,1
802,2022-10-23,33
803,2017-04-22,51
804,2016-10-27,98
805,2015-12-17,97
806,2020-02-13,97
807,2021-06-11,100
808,2018-03-05,58
809,2018-01-05,19
810,2019-06-18,85
811,2017-06-19,3
812,2022-03-22,58
813,2017-10-03,2
814,2019-10-06,40
815,2020-05-26,56
816,2019-05-07,76
817,2018-03-23,78
818,2018-05-08,82
819,2019-12-09,70
820,2022-02-09,28
821,2020-11-11,44
822,2016-08-12,54
823,2019-12-04,56
824,2017-07-25,34
825,2021-10-28,75
826,2022-01-27,16
827,2018-02-01,88
828,2018-08-04,57
829,2017-06-21,60
830,2020-04-24,70
831,2016-06-11,69
832,2019-07-17,75
833,2019-09-23,79
834,2022-08-26,74
835,2017-07-07,55
836,2021-12-25,72
837,2016-07-28,98
838,2018-11-19,15
839,2022-08-14,62
840,2020-06-01,82
841,2019-05-03,51
842,2019-03-13,73
843,2019-02-01,93
844,2022-03-04,50
845,2016-02-26,93
846,2016-07-30,22
847,2020-04-11,91
848,2021-10-17,35
849,2022-08-11,91
850,2019-03-01,50
851,2019-10-24,54
852,2022-05-26,69
853,2018-04-17,78
854,2020-02-28,98
855,2022-09-24,35
856,2017-07-10,92
857,2017-07-23,42
858,2016-03-08,20
859,2017-04-11,63
860,2020-03-07,40
861,2018-05-28,58
862,2015-10-08,99
863,2018-02-10,83
864,2018-05-04,9
865,2019-05-08,82
866,2021-12-24,32
867,2016-08-26,34
868,2017-12-09,64
869,2017-02-01,28
870,2019-08-28,56
871,2016-12-21,17
872,2020-09-27,22
873,2020-05-09,91
874,2020-07-17,87
875,2020-05-27,44
876,2022-12-11,92
877,2022-07-09,43
878,2021-08-07,60
879,2023-01-16,37
880,2018-08-11,77
881,2020-03-18,11
882,2019-10-01,77
883,2021-08-12,67
884,2021-04-26,33
885,2022-02-11,57
886,2019-04-20,27
887,2019-04-28,93
888,2022-06-17,20
889,2022-10-24,65
890,2017-08-23,34
891,2017-04-09,4
892,2018-05-10,51
893,2019-05-23,2
894,2017-07-09,36
895,2018-08-14,82
896,2020-11-28,16
897,2019-04-06,86
898,2021-12-01,26
899,2022-12-20,81
900,2022-06-10,88
901,2022-06-12,27
902,2018-03-23,59
903,2021-09-19,75
904,2021-11-11,47
905,2016-09-20,54
906,2022-02-16,57
907,2017-12-03,23
908,2017-07-31,17
909,2020-01-21,15
910,2018-02-12,49
911,2016-05-31,99
912,2022-10-10,28
913,2020-04-27,14
914,2023-01-14,30
915,2018-05-26,63
916,2020-12-08,94
917,2022-10-19,44
918,2017-12-03,27
919,2022-01-09,51
920,2021-10-14,70
921,2016-10-05,32
922,2017-10-24,90
923,2018-05-26,4
924,2018-09-20,76
925,2020-04-09,12
926,2019-02-06,81
927,2021-06-04,69
928,2019-07-20,78
929,2018-09-10,31
930,2018-09-17,45
931,2016-04-09,72
932,2018-09-25,36
933,2018-05-16,20
934,2016-06-30,78
935,2019-07-26,71
936,2020-08-19,74
937,2021-02-26,24
938,2022-04-21,6
939,2019-08-05,38
940,2020-04-04,21
941,2019-04-23,15
942,2017-11-04,99
943,2020-11-27,91
944,2018-02-21,97
945,2019-08-09,45
946,2016-12-31,55
947,2017-07-10,67
948,2019-12-04,12
949,2020-07-08,94
950,2021-01-20,80
951,2016-04-13,2
952,2016-01-12,70
953,2022-11-02,99
954,2019-07-22,23
955,2020-08-09,24
956,2020-08-15,64
957,2021-04-17,38
958,2019-06-17,62
959,2020-06-06,1
960,2022-03-10,84
961,2017-03-25,60
962,2022-11-05,33
963,2017-01-03,61
964,2015-09-17,36
965,2022-11-03,21
966,2019-12-11,22
967,2020-12-15,3
968,2020-10-23,30
969,2019-07-12,7
970,2016-07-17,78
971,2016-09-14,23
972,2018-01-18,75
973,2020-06-29,8
974,2018-08-19,50
975,2023-01-03,23
976,2021-08-23,28
977,2020-10-27,15
978,2018-01-09,62
979,2017-08-03,74
980,2018-03-14,96
981,2017-07-31,95
982,2021-06-25,50
983,2018-02-06,56
984,2021-03-19,84
985,2017-05-08,52
986,2015-09-17,93
987,2015-11-28,6
988,2015-12-05,30
989,2017-10-30,91
990,2019-08-02,44
991,2018-07-03,3
992,2017-12-11,17
993,2019-01-23,89
994,2021-09-29,17
995,2022-06-21,27
996,2020-04-15,7
997,2021-02-04,57
998,2016-05-15,96
999,2016-10-16,46
1000,2021-07-25,36
1001,2021-10-28,10
1002,2020-05-29,59
1003,2019-03-20,9
1004,2018-06-24,79
1005,2018-07-17,37
1006,2015-12-26,28
1007,2023-02-07,25
1008,2020-09-26,23
1009,2017-11-12,59
1010,2020-10-28,40
1011,2019-03-04,63
1012,2020-10-10,22
1013,2023-01-30,6
1014,2021-09-05,70
1015,2018-05-26,71
1016,2016-02-17,39
1017,2016-06-09,46
1018,2022-09-13,16
1019,2022-05-14,58
1020,2020-09-02,64
1021,2021-03-05,74
1022,2020-03-07,2
1023,2020-07-02,12
1024,2015-12-07,88
1025,2019-07-20,32
1026,2020-04-21,68
1027,2020-08-04,6
1028,2016-05-09,37
1029,2020-02-10,99
1030,2018-05-25,58
1031,2021-11-08,79
1032,2021-01-18,31
1033,2019-08-19,20
1034,2017-12-18,62
1035,2020-01-07,38
1036,2022-10-27,52
1037,2019-06-01,1
1038,2018-06-03,3
1039,2016-11-19,78
1040,2016-01-23,11
1041,2017-01-05,29
1042,2017-11-30,19
1043,2020-01-17,49
1044,2015-12-29,70
1045,2018-02-07,72
1046,2016-05-04,58
1047,2019-09-05,55
1048,2015-12-22,26
1049,2019-04-18,24
1050,2019-10-04,26
1051,2021-09-22,30
1052,2021-01-23,99
1053,2018-02-26,38
1054,2015-10-17,70
1055,2022-08-23,88
1056,2019-06-11,26
1057,2017-04-19,70
1058,2018-05-25,49
1059,2016-03-29,15
1060,2021-05-06,75
1061,2018-10-17,47
1062,2019-03-27,38
1063,2020-09-25,10
1064,2018-11-05,28
1065,2019-12-11,98
1066,2018-08-23,81
1067,2021-06-01,87
1068,2021-09-03,43
1069,2020-03-23,18
1070,2023-01-07,63
1071,2022-10-22,49
1072,2016-11-12,25
1073,2017-11-13,5
1074,2022-12-25,33
1075,2021-12-05,92
1076,2019-02-09,55
1077,2017-02-03,13
1078,2022-09-18,85
1079,2016-04-30,53
1080,2021-12-17,44
1081,2015-11-15,20
1082,2019-10-16,85
1083,2016-02-16,99
1084,2021-07-23,13
1085,2021-11-01,9
1086,2022-07-10,100
1087,2017-09-08,63
1088,2021-01-02,57
1089,2019-11-24,93
1090,2022-08-28,37
1091,2017-06-27,65
1092,2018-06-22,91
1093,2019-06-03,90
1094,2019-04-05,21
1095,2021-10-29,77
1096,2019-04-24,96
1097,2020-01-09,41
1098,2021-09-29,25
1099,2020-11-21,87
1100,2019-08-19,52
1101,2019-09-21,63
1102,2022-12-04,50
1103,2016-05-26,59
1104,2017-04-18,90
1105,2016-12-31,57
1106,2016-03-19,57
1107,2019-10-12,87
1108,2022-01-22,90
1109,2018-10-09,20
1110,2016-09-23,20
1111,2022-01-08,99
1112,2017-08-26,96
1113,2016-06-06,84
1114,2017-05-26,6
1115,2016-08-05,94
1116,2017-05-25,8
1117,2018-09-13,20
1118,2022-03-07,52
1119,2017-10-05,70
1120,2020-06-04,65
1121,2020-09-21,49
1122,2021-06-10,46
1123,2016-06-02,46
1124,2019-12-17,24
1125,2020-06-11,35
1126,2018-11-27,68
1127,2019-04-03,100
1128,2019-11-29,84
1129,2022-05-11,34
1130,2020-04-14,37
1131,2021-06-04,22
1132,2020-02-13,99
1133,2022-05-23,86
1134,2021-04-07,57
1135,2019-09-24,92
1136,2019-06-19,12
1137,2016-05-05,2
1138,2016-04-18,59
1139,2022-09-01,15
1140,2016-03-24,62
1141,2019-01-12,83
1142,2022-12-08,67
1143,2018-07-23,5
1144,2021-09-20,95
1145,2023-02-09,54
1146,2016-06-14,41
1147,2018-11-01,71
1148,2017-05-14,20
1149,2022-08-06,27
1150,2020-04-01,25
1151,2021-10-20,54
1152,2022-08-27,20
1153,2018-06-08,61
1154,2019-11-15,44
1155,2022-03-20,27
1156,2020-12-16,3
1157,2021-12-19,15
1158,2018-07-29,35
1159,2018-09-03,2
1160,2017-11-02,61
1161,2016-07-18,30
1162,2019-07-14,66
1163,2017-02-19,75
1164,2016-10-13,88
1165,2017-05-13,75
1166,2019-11-12,2
1167,2016-12-18,51
1168,2018-02-08,100
1169,2021-04-24,85
1170,2018-08-02,32
1171,2016-09-15,23
1172,2020-08-06,10
1173,2020-02-04,91
1174,2017-09-07,37
1175,2016-08-21,33
1176,2022-08-08,59
1177,2020-10-14,47
1178,2018-04-18,93
1179,2017-09-18,88
1180,2022-08-23,94
1181,2018-07-08,77
1182,2020-10-08,83
1183,2020-02-02,64
1184,2019-05-23,63
1185,2020-09-21,28
1186,2021-01-02,96
1187,2022-01-17,75
1188,2022-09-27,15
1189,2015-10-21,17
1190,2019-02-18,83
1191,2017-01-18,97
1192,2021-01-05,18
1193,2021-07-26,63
1194,2017-04-29,68
1195,2019-05-20,8
1196,2018-09-30,89
1197,2021-04-27,3
1198,2022-06-11,45
1199,2022-03-24,12
1200,2020-04-02,80
1201,2017-03-11,17
1202,2018-11-26,20
1203,2021-01-24,4
1204,2020-09-11,40
1205,2021-05-01,23
1206,2016-02-19,77
1207,2021-05-24,99
1208,2021-10-01,14
1209,2018-08-31,9
1210,2021-10-30,72
1211,2022-08-08,72
1212,2022-11-19,98
1213,2017-06-01,49
1214,2022-07-13,65
1215,2019-06-14,26
1216,2018-12-29,43
1217,2021-09-23,98
1218,2022-09-21,89
1219,2020-06-04,63
1220,2016-08-06,86
1221,2019-02-13,72
1222,2022-09-20,80
1223,2016-06-26,25
1224,2021-07-09,31
1225,2020-08-12,38
1226,2020-03-04,96
1227,2019-10-15,76
1228,2017-08-04,35
1229,2020-12-21,67
1230,2019-05-24,28
1231,2019-04-26,79
1232,2018-02-17,89
1233,2018-03-24,66
1234,2017-10-07,78
1235,2016-12-11,26
1236,2018-03-23,44
1237,2021-04-15,3
1238,2017-09-19,84
1239,2017-02-28,25
1240,2018-01-02,79
1241,2021-07-13,19
1242,2018-04-11,18
1243,2020-01-28,78
1244,2020-06-30,22
1245,2022-10-12,40
1246,2019-01-20,48
1247,2016-02-17,8
1248,2020-05-20,37
1249,2022-06-21,10
1250,2016-01-29,82
1251,2016-06-07,38
1252,2017-08-19,17
1253,2017-08-21,61
1254,2018-10-07,100
1255,2017-06-14,49
1256,2023-02-01,18
1257,2018-09-29,11
1258,2021-05-16,49
1259,2017-08-28,34
1260,2022-05-18,49
1261,2018-05-21,21
1262,2015-10-26,97
1263,2016-02-03,11
1264,2018-08-09,29
1265,2017-09-06,84
1266,2015-12-20,100
1267,2019-11-01,94
1268,2015-11-13,16
1269,2022-12-13,89
1270,2022-04-01,11
1271,2020-03-04,27
1272,2022-09-14,25
1273,2017-02-15,34
1274,2021-10-12,45
1275,2021-07-19,17
1276,2019-03-31,65
1277,2017-04-22,26
1278,2021-04-21,41
1279,2020-11-02,1
1280,2018-12-23,99
1281,2020-11-25,61
1282,2017-06-09,4
1283,2020-06-04,49
1284,2017-01-25,3
1285,2022-04-30,42
1286,2021-05-08,64
1287,2021-06-21,5
1288,2016-08-19,35
1289,2017-02-07,26
1290,2015-11-26,8
1291,2022-06-30,49
1292,2018-03-26,49
1293,2017-08-25,43
1294,2018-07-24,30
1295,2019-12-23,32
1296,2018-05-04,97
1297,2016-12-12,95
1298,2020-04-09,60
1299,2020-10-24,67
1300,2019-05-12,35
1301,2019-02-20,30
1302,2022-03-17,38
1303,2018-07-24,77
1304,2022-12-04,58
1305,2022-02-28,57
1306,2019-10-13,47
1307,2017-09-01,66
1308,2017-05-01,92
1309,2022-06-16,12
1310,2020-10-13,91
1311,2021-08-04,55
1312,2019-12-24,22
1313,2019-02-26,63
1314,2020-12-27,91
1315,2016-09-05,71
1316,2021-09-13,50
1317,2019-05-10,25
1318,2016-10-30,87
1319,2015-10-19,30
1320,2020-12-09,63
1321,2022-08-10,58
1322,2016-05-29,53
1323,2019-03-24,91
1324,2017-11-15,100
1325,2021-08-26,56
1326,2016-06-03,60
1327,2021-07-18,45
1328,2016-04-17,48
1329,2019-08-02,41
1330,2016-08-14,32
1331,2016-04-12,11
1332,2020-02-20,32
1333,2022-11-09,5
1334,2017-06-13,82
1335,2022-11-27,50
1336,2019-04-22,79
1337,2021-12-02,48
1338,2017-01-17,98
1339,2018-06-22,18
1340,2018-12-01,79
1341,2017-06-20,96
1342,2021-10-25,9
1343,2017-10-29,69
1344,2016-10-21,58
1345,2021-08-02,55
1346,2017-11-28,31
1347,2018-09-05,98
1348,2019-05-28,55
1349,2020-04-02,45
1350,2015-11-03,9
1351,2020-06-23,27
1352,2015-09-14,67
1353,2019-07-29,76
1354,2020-01-02,52
1355,2017-08-31,99
1356,2020-01-20,81
1357,2020-10-31,36
1358,2016-08-27,43
1359,2018-03-30,53
1360,2019-05-03,55
1361,2018-11-26,69
1362,2020-04-05,2
1363,2020-05-12,69
1364,2020-10-27,4
1365,2021-05-27,52
1366,2020-06-02,44
1367,2017-08-14,71
1368,2020-09-20,7
1369,2017-06-30,35
1370,2015-11-05,54
1371,2016-01-04,64
1372,2017-10-22,43
1373,2020-09-24,98
1374,2020-01-25,48
1375,2019-04-27,72
1376,2019-10-30,78
1377,2022-08-08,71
1378,2017-10-25,41
1379,2021-06-25,11
1380,2020-06-27,48
1381,2017-07-17,4
1382,2019-07-04,2
1383,2016-08-24,7
1384,2016-08-10,51
1385,2018-05-08,96
1386,2019-10-18,64
1387,2016-02-17,30
1388,2019-09-26,98
1389,2021-11-21,15
1390,2016-04-08,79
1391,2016-03-03,80
1392,2019-05-07,66
1393,2020-07-03,57
1394,2020-07-29,51
1395,2021-12-27,6
1396,2021-10-13,77
1397,2019-07-09,62
1398,2020-03-29,33
1399,2019-02-06,63
1400,2018-12-26,65
1401,2016-12-01,99
1402,2017-06-03,25
1403,2015-11-20,51
1404,2018-08-05,60
1405,2022-12-01,27
1406,2016-02-03,70
1407,2016-05-10,39
1408,2021-01-25,45
1409,2021-01-13,22
1410,2018-03-19,38
1411,2020-10-02,16
1412,2016-02-25,10
1413,2018-09-16,45
1414,2018-02-14,57
1415,2017-12-29,72
1416,2015-12-05,17
1417,2022-05-25,64
1418,2021-02-04,69
1419,2020-11-19,64
1420,2020-03-19,13
1421,2016-11-24,97
1422,2022-06-04,47
1423,2020-11-28,79
1424,2018-04-08,35
1425,2021-02-03,3
1426,2021-08-31,37
1427,2016-05-27,14
1428,2017-02-15,45
1429,2021-01-05,35
1430,2019-09-26,5
1431,2017-12-02,87
1432,2023-01-04,7
1433,2021-06-29,3
1434,2021-01-14,4
1435,2019-04-04,75
1436,2021-06-08,47
1437,2020-09-14,94
1438,2019-05-11,59
1439,2019-06-01,66
1440,2021-01-19,10
1441,2018-11-03,77
1442,2018-09-04,79
1443,2022-07-09,68
1444,2016-12-08,54
1445,2021-11-30,74
1446,2017-06-26,47
1447,2020-07-13,47
1448,2021-01-31,49
1449,2019-04-09,41
1450,2022-01-16,19
1451,2016-02-15,91
1452,2022-07-17,64
1453,2019-11-30,58
1454,2020-10-29,5
1455,2020-10-17,91
1456,2017-03-31,2
1457,2022-02-06,22
1458,2022-11-13,73
1459,2019-08-01,49
1460,2022-11-04,35
1461,2021-05-25,73
1462,2019-07-21,56
1463,2021-05-14,28
1464,2022-11-08,78
1465,2022-01-28,100
1466,2018-04-02,92
1467,2020-12-08,80
1468,2018-02-07,25
1469,2019-09-01,45
1470,2021-01-18,23
1471,2022-09-24,73
1472,2016-09-07,73
1473,2015-09-27,44
1474,2018-02-14,67
1475,2017-01-06,48
1476,2017-12-25,97
1477,2018-05-17,79
1478,2019-11-09,87
1479,2022-09-29,29
1480,2018-05-07,59
1481,2017-08-26,82
1482,2017-10-10,20
1483,2021-11-05,66
1484,2021-08-27,61
1485,2018-11-14,85
1486,2017-01-08,50
1487,2021-09-19,62
1488,2022-04-19,41
1489,2019-03-06,39
1490,2020-09-25,91
1491,2017-02-26,86
1492,2021-07-05,28
1493,2020-12-19,52
1494,2022-09-23,94
1495,2019-04-12,62
1496,2020-09-23,86
1497,2016-12-15,96
1498,2016-08-19,1
1499,2016-05-16,47
1500,2020-10-02,6
1501,2022-04-27,86
1502,2016-02-23,51
1503,2019-04-13,75
1504,2021-09-26,45
1505,2017-11-09,31
1506,2018-05-27,30
1507,2021-05-24,100
1508,2017-10-15,28
1509,2017-08-29,63
1510,2023-01-24,68
1511,2022-06-11,62
1512,2019-01-21,93
1513,2021-11-16,88
1514,2021-02-17,96
1515,2018-05-28,78
1516,2015-12-06,84
1517,2015-10-23,24
1518,2018-04-08,46
1519,2022-04-08,59
1520,2016-06-27,68
1521,2019-06-20,31
1522,2021-10-27,59
1523,2021-05-02,83
1524,2022-06-06,74
1525,2018-01-28,80
1526,2021-12-19,80
1527,2019-07-13,90
1528,2022-08-13,80
1529,2022-02-11,34
1530,2019-05-29,70
1531,2021-10-24,36
1532,2022-11-03,45
1533,2018-03-28,95
1534,2016-12-15,6
1535,2019-12-22,83
1536,2015-10-02,34
1537,2017-04-16,91
1538,2022-12-10,66
1539,2021-02-09,63
1540,2016-09-02,36
1541,2020-01-05,82
1542,2021-08-16,19
1543,2019-08-13,40
1544,2019-12-19,43
1545,2016-09-18,62
1546,2017-05-26,13
1547,2016-10-07,24
1548,2018-07-08,9
1549,2019-10-23,51
1550,2022-07-31,15
1551,2022-04-09,18
1552,2021-01-02,89
1553,2016-09-07,30
1554,2020-02-02,15
1555,2021-06-29,62
1556,2021-04-17,71
1557,2021-09-29,71
1558,2017-04-24,89
1559,2022-08-15,23
1560,2020-08-09,79
1561,2022-08-10,88
1562,2018-08-22,51
1563,2019-01-20,7
1564,2018-10-07,15
1565,2019-07-23,2
1566,2021-08-05,21
1567,2018-03-18,78
1568,2019-11-27,93
1569,2018-05-29,98
1570,2021-08-17,90
1571,2022-01-09,31
1572,2021-07-28,51
1573,2021-08-16,44
1574,2022-03-17,97
1575,2022-01-20,32
1576,2017-11-03,32
1577,2018-01-20,92
1578,2017-11-21,39
1579,2020-01-26,51
1580,2019-11-03,72
1581,2022-09-10,20
1582,2016-07-22,82
1583,2018-05-22,79
1584,2021-02-11,1
1585,2020-11-05,98
1586,2023-02-07,11
1587,2017-02-19,54
1588,2018-10-31,89
1589,2019-02-04,99
1590,2016-03-30,51
1591,2020-10-31,86
1592,2022-02-02,35
1593,2019-01-19,90
1594,2018-07-09,66
1595,2018-08-18,57
1596,2021-01-25,61
1597,2015-12-26,86
1598,2020-05-26,9
1599,2019-09-15,9
1600,2020-12-20,57
1601,2021-11-21,32
1602,2019-11-17,93
1603,2019-10-09,41
1604,2023-02-04,94
1605,2017-09-30,72
1606,2021-11-29,76
1607,2016-02-18,33
1608,2023-01-15,47
1609,2022-01-21,53
1610,2019-11-30,16
1611,2020-01-15,30
1612,2019-03-15,4
1613,2021-10-15,71
1614,2021-09-08,33
1615,2019-03-09,84
1616,2018-06-27,13
1617,2020-02-24,11
1618,2021-09-29,5
1619,2015-10-06,10
1620,2020-08-05,89
1621,2015-12-09,66
1622,2022-06-11,17
1623,2021-06-02,9
1624,2016-03-07,73
1625,2022-05-07,87
1626,2020-01-31,64
1627,2018-02-27,86
1628,2017-11-30,77
1629,2017-07-17,78
1630,2022-08-14,94
1631,2022-05-22,34
1632,2018-07-20,98
1633,2021-02-15,27
1634,2020-01-18,76
1635,2020-11-05,58
1636,2015-10-03,36
1637,2018-07-04,10
1638,2019-03-09,7
1639,2020-03-03,87
1640,2020-01-31,26
1641,2016-10-09,14
1642,2016-04-21,50
1643,2016-06-06,95
1644,2022-02-08,95
1645,2022-08-15,52
1646,2017-01-28,39
1647,2022-01-04,57
1648,2016-11-05,46
1649,2018-06-20,24
1650,2019-12-27,21
1651,2019-04-18,85
1652,2019-10-12,14
1653,2021-03-16,22
1654,2018-08-22,73
1655,2016-12-29,60
1656,2018-11-07,90
1657,2019-09-11,29
1658,2020-07-15,37
1659,2019-02-24,6
1660,2021-01-16,77
1661,2022-02-24,94
1662,2018-12-16,56
1663,2016-04-11,53
1664,2018-07-04,23
1665,2017-03-29,44
1666,2016-09-15,39
1667,2020-02-01,84
1668,2018-09-05,72
1669,2016-04-19,9
1670,2016-12-29,67
1671,2021-10-24,34
1672,2017-05-08,11
1673,2019-04-20,46
1674,2019-01-05,83
1675,2019-05-31,63
1676,2021-08-11,17
1677,2020-07-14,83
1678,2016-10-18,26
1679,2021-03-10,39
1680,2022-07-10,58
1681,2020-09-05,7
1682,2020-03-26,33
1683,2021-02-16,51
1684,2018-02-07,76
1685,2017-09-18,37
1686,2022-03-13,5
1687,2022-02-08,97
1688,2020-10-10,58
1689,2018-02-06,81
1690,2020-03-08,30
1691,2016-11-16,66
1692,2017-11-08,24
1693,2016-10-04,10
1694,2018-10-27,47
1695,2022-02-21,50
1696,2017-10-28,48
1697,2016-02-04,58
1698,2019-11-04,94
1699,2015-10-05,87
1700,2018-08-30,27
1701,2018-08-18,53
1702,2019-09-24,95
1703,2018-04-17,17
1704,2016-03-26,97
1705,2019-12-27,62
1706,2019-02-16,45
1707,2018-03-05,91
1708,2018-03-09,69
1709,2021-01-26,30
1710,2022-01-19,88
1711,2019-08-21,96
1712,2016-05-01,36
1713,2023-01-23,60
1714,2016-06-17,81
1715,2016-06-10,7
1716,2021-05-11,37
1717,2015-09-19,27
1718,2018-05-19,62
1719,2016-04-27,50
1720,2020-10-06,28
1721,2017-11-17,5
1722,2019-07-11,68
1723,2018-09-01,70
1724,2018-04-13,46
1725,2019-12-28,44
1726,2016-06-19,75
1727,2018-06-16,90
1728,2019-01-19,40
1729,2015-09-19,73
1730,2019-12-24,51
1731,2022-08-27,52
1732,2017-07-24,26
1733,2022-09-21,88
1734,2017-01-19,85
1735,2017-08-31,80
1736,2021-12-03,31
1737,2020-12-10,28
1738,2016-12-30,29
1739,2016-05-17,45
1740,2016-07-24,14
1741,2019-05-19,86
1742,2018-09-30,87
1743,2017-03-18,90
1744,2019-01-26,80
1745,2019-03-25,9
1746,2019-10-19,38
1747,2018-10-08,88
1748,2016-09-12,56
1749,2016-06-30,80
1750,2020-03-21,54
1751,2019-10-05,85
1752,2017-02-11,62
1753,2017-08-30,10
1754,2020-12-01,17
1755,2018-10-03,6
1756,2019-08-22,57
1757,2022-12-14,34
1758,2018-08-14,28
1759,2018-10-08,78
1760,2022-09-06,18
1761,2018-09-06,20
1762,2015-10-03,97
1763,2021-12-23,19
1764,2017-05-08,10
1765,2022-10-07,30
1766,2021-04-10,63
1767,2018-03-20,77
1768,2020-10-03,28
1769,2016-01-26,8
1770,2021-12-19,47
1771,2016-06-18,24
1772,2021-10-07,66
1773,2015-10-29,87
1774,2022-05-07,71
1775,2023-01-22,52
1776,2020-04-17,51
1777,2021-12-04,44
1778,2018-01-12,7
1779,2021-11-29,18
1780,2018-05-27,79
1781,2019-04-26,63
1782,2018-02-27,29
1783,2023-01-01,90
1784,2015-09-26,83
1785,2021-12-10,99
1786,2016-02-24,70
1787,2022-01-27,57
1788,2019-01-10,58
1789,2020-03-03,27
1790,2020-02-09,17
1791,2015-12-03,64
1792,2017-09-21,88
1793,2015-10-17,1
1794,2023-02-01,73
1795,2023-01-07,62
1796,2022-07-06,32
1797,2019-03-04,51
1798,2019-07-27,22
1799,2022-05-25,70
1800,2022-07-15,80
1801,2018-02-10,68
1802,2017-05-28,66
1803,2021-03-31,96
1804,2019-08-08,18
1805,2021-09-15,89
1806,2017-02-15,11
1807,2017-10-31,48
1808,2020-02-05,52
1809,2018-06-24,16
1810,2019-09-23,34
1811,2017-01-29,1
1812,2018-07-13,43
1813,2020-06-09,83
1814,2018-05-08,100
1815,2020-07-04,91
1816,2022-09-02,80
1817,2021-11-13,69
1818,2017-01-03,32
1819,2020-03-18,3
1820,2016-01-07,65
1821,2018-03-08,55
1822,2021-03-17,60
1823,2016-04-20,41
1824,2015-11-04,69
1825,2020-07-18,53
1826,2016-04-19,76
1827,2018-03-18,40
1828,2017-12-04,42
1829,2021-06-13,90
1830,2020-11-08,80
1831,2017-08-25,72
1832,2021-10-08,86
1833,2017-10-20,81
1834,2019-12-27,70
1835,2017-01-30,16
1836,2018-10-24,28
1837,2016-03-17,75
1838,2021-01-04,63
1839,2019-09-07,69
1840,2022-03-13,12
1841,2022-02-15,59
1842,2020-09-14,78
1843,2017-08-25,56
1844,2016-12-02,55
1845,2018-03-28,16
1846,2019-10-28,46
1847,2016-12-09,60
1848,2022-07-10,73
1849,2022-02-20,82
1850,2019-02-26,20
1851,2018-10-03,57
1852,2019-04-02,50
1853,2016-08-04,37
1854,2022-11-01,95
1855,2017-01-11,20
1856,2021-07-31,22
1857,2021-04-19,94
1858,2018-01-02,66
1859,2019-01-22,50
1860,2020-11-24,50
1861,2016-06-19,38
1862,2018-03-27,35
1863,2022-12-27,34
1864,2021-09-15,39
1865,2022-08-10,60
1866,2020-11-27,6
1867,2023-01-12,65
1868,2018-08-21,77
1869,2018-07-19,15
1870,2017-07-31,93
1871,2018-07-26,5
1872,2019-07-20,5
1873,2020-04-27,68
1874,2018-07-06,93
1875,2016-08-05,97
1876,2015-09-14,26
1877,2018-04-01,36
1878,2017-06-04,26
1879,2019-06-17,52
1880,2020-08-23,47
1881,2021-03-03,80
1882,2022-01-27,56
1883,2019-10-23,94
1884,2021-02-27,47
1885,2015-11-19,30
1886,2019-10-02,62
1887,2021-02-05,53
1888,2016-09-26,56
1889,2016-11-03,52
1890,2022-10-02,4
1891,2016-04-15,79
1892,2019-02-25,26
1893,2017-03-03,3
1894,2019-06-02,73
1895,2022-08-06,89
1896,2015-09-21,96
1897,2016-05-23,99
1898,2022-03-11,17
1899,2017-11-15,73
1900,2018-01-29,68
1901,2018-11-13,94
1902,2019-11-03,69
1903,2016-09-24,60
1904,2017-09-11,61
1905,2017-08-26,54
1906,2017-09-30,71
1907,2017-01-13,79
1908,2017-11-04,20
1909,2023-01-05,68
1910,2018-10-31,83
1911,2017-03-04,7
1912,2021-08-24,57
1913,2015-12-15,59
1914,2021-10-26,4
1915,2017-08-23,23
1916,2021-03-24,18
1917,2021-03-13,95
1918,2019-03-23,98
1919,2020-02-23,31
1920,2018-06-28,4
1921,2016-02-10,49
1922,2021-04-12,5
1923,2021-12-05,4
1924,2016-09-02,92
1925,2016-09-16,77
1926,2022-01-23,60
1927,2015-12-04,56
1928,2017-03-22,10
1929,2021-05-11,83
1930,2016-10-07,73
1931,2016-07-02,4
1932,2018-07-20,27
1933,2020-08-28,21
1934,2018-05-29,39
1935,2022-01-09,38
1936,2021-01-10,79
1937,2016-06-22,54
1938,2021-03-30,70
1939,2019-03-23,41
1940,2017-12-05,70
1941,2015-11-10,53
1942,2016-09-28,74
1943,2017-09-12,71
1944,2022-04-22,96
1945,2015-09-16,100
1946,2020-12-24,26
1947,2020-06-23,100
1948,2020-11-23,61
1949,2021-03-12,18
1950,2020-07-22,41
1951,2020-11-11,20
1952,2019-05-18,44
1953,2017-11-06,29
1954,2021-01-18,10
1955,2019-10-28,71
1956,2020-07-05,21
1957,2021-07-21,76
1958,2015-10-01,78
1959,2018-02-01,10
1960,2021-05-17,60
1961,2016-12-07,53
1962,2022-12-31,12
1963,2016-07-14,84
1964,2019-08-18,20
1965,2017-07-10,61
1966,2017-06-03,19
1967,2022-06-20,5
1968,2021-04-22,1
1969,2018-10-17,55
1970,2021-07-16,79
1971,2017-03-03,53
1972,2017-11-29,27
1973,2021-10-02,83
1974,2020-07-08,73
1975,2020-07-28,65
1976,2016-01-17,7
1977,2019-06-18,57
1978,2022-03-10,61
1979,2018-04-26,67
1980,2016-10-13,79
1981,2018-01-13,14
1982,2021-06-20,36
1983,2017-01-11,62
1984,2018-03-28,51
1985,2020-04-11,24
1986,2016-11-23,3
1987,2022-07-19,50
1988,2020-07-01,14
1989,2017-11-05,39
1990,2021-03-27,32
1991,2022-06-08,77
1992,2019-11-08,49
1993,2020-04-12,13
1994,2019-06-23,49
1995,2016-10-06,78
1996,2022-05-22,39
1997,2018-11-26,52
1998,2021-05-30,82
1999,2020-04-02,66
2000,2018-09-25,14
2001,2016-07-26,62
2002,2020-07-22,41
2003,2018-09-10,14
2004,2018-08-08,54
2005,2016-10-24,35
2006,2017-01-04,84
2007,2021-07-04,58
2008,2021-03-03,90
2009,2016-04-30,50
2010,2015-09-03,82
2011,2021-09-21,93
2012,2016-01-05,72
2013,2018-10-27,43
2014,2021-05-11,65
2015,2020-01-28,83
2016,2019-02-25,27
2017,2017-10-15,30
2018,2022-08-26,74
2019,2017-12-10,54
2020,2021-03-08,14
2021,2020-03-20,13
2022,2016-05-28,57
2023,2018-02-13,99
2024,2017-11-21,46
2025,2019-08-14,9
2026,2020-12-03,75
2027,2016-09-14,33
2028,2018-06-09,6
2029,2021-11-08,45
2030,2016-05-30,19
2031,2018-03-25,81
2032,2021-10-13,25
2033,2021-06-26,48
2034,2016-09-22,9
2035,2017-08-11,24
2036,2020-01-29,1
2037,2021-07-03,88
2038,2016-04-20,59
2039,2016-12-03,71
2040,2020-12-13,28
2041,2022-05-01,76
2042,2020-08-17,55
2043,2019-12-23,50
2044,2020-10-04,73
2045,2021-08-01,10
2046,2016-07-05,95
2047,2020-06-16,87
2048,2017-04-22,61
2049,2015-11-08,11
2050,2019-05-03,77
2051,2019-10-09,37
2052,2015-10-12,25
2053,2016-06-06,44
2054,2020-02-10,8
2055,2016-02-06,18
2056,2015-12-15,21
2057,2020-08-02,3
2058,2017-05-26,25
2059,2021-01-24,32
2060,2019-01-24,22
2061,2022-11-17,33
2062,2020-11-07,81
2063,2022-05-06,23
2064,2019-12-22,5
2065,2016-07-30,73
2066,2016-02-27,85
2067,2015-11-05,23
2068,2021-02-15,72
2069,2017-04-02,91
2070,2016-02-15,13
2071,2020-10-06,62
2072,2019-02-02,91
2073,2022-06-24,64
2074,2016-03-27,18
2075,2015-10-16,49
2076,2023-01-06,94
2077,2022-06-09,68
2078,2017-09-21,54
2079,2018-07-02,1
2080,2015-10-10,50
2081,2021-02-10,93
2082,2022-08-23,39
2083,2022-05-01,24
2084,2019-01-05,64
2085,2019-12-02,40
2086,2021-07-27,69
2087,2016-04-15,9
2088,2018-09-11,98
2089,2022-08-16,88
2090,2022-05-27,97
2091,2017-04-24,6
2092,2020-05-13,71
2093,2020-07-14,69
2094,2019-04-14,68
2095,2017-08-03,50
2096,2022-10-13,71
2097,2022-07-13,48
2098,2018-08-16,45
2099,2016-08-14,93
2100,2017-08-12,100
2101,2021-07-14,72
2102,2020-07-18,68
2103,2018-08-09,36
2104,2017-12-27,36
2105,2020-12-18,53
2106,2020-08-21,60
2107,2019-04-22,47
2108,2017-01-02,7
2109,2018-08-10,90
2110,2022-05-15,60
2111,2016-01-21,61
2112,2021-11-15,98
2113,2018-10-10,9
2114,2020-06-08,26
2115,2021-10-25,54
2116,2021-10-16,39
2117,2019-09-19,19
2118,2022-06-11,33
2119,2016-04-05,42
2120,2018-09-28,16
2121,2016-04-03,84
2122,2021-02-22,76
2123,2016-05-08,16
2124,2019-09-10,66
2125,2022-04-26,46
2126,2016-09-08,18
2127,2017-10-23,9
2128,2019-01-25,90
2129,2016-07-27,16
2130,2017-01-20,64
2131,2020-11-20,11
2132,2019-01-19,67
2133,2018-01-13,100
2134,2022-11-11,90
2135,2019-05-08,78
2136,2018-11-19,50
2137,2019-05-26,45
2138,2019-04-10,50
2139,2016-04-26,20
2140,2020-08-14,9
2141,2022-08-27,18
2142,2018-06-22,30
2143,2021-02-01,95
2144,2019-11-03,26
2145,2019-05-07,88
2146,2019-07-10,93
2147,2015-10-31,53
2148,2019-03-20,4
2149,2016-07-23,58
2150,2018-09-30,88
2151,2018-08-15,66
2152,2016-07-05,88
2153,2017-09-19,43
2154,2020-06-15,95
2155,2019-03-04,43
2156,2016-10-03,39
2157,2020-01-19,38
2158,2022-06-08,29
2159,2021-06-02,41
2160,2017-07-23,14
2161,2022-06-20,63
2162,2021-10-17,61
2163,2015-09-05,82
2164,2022-09-06,45
2165,2021-08-28,35
2166,2021-06-20,29
2167,2021-03-27,26
2168,2020-04-23,99
2169,2019-09-27,78
2170,2015-12-16,8
2171,2022-11-26,85
2172,2016-01-31,76
2173,2015-09-25,85
2174,2016-05-29,98
2175,2019-05-05,37
2176,2017-04-03,77
2177,2019-11-20,21
2178,2020-01-30,98
2179,2015-12-27,40
2180,2019-03-13,49
2181,2022-08-08,72
2182,2018-03-19,45
2183,2018-06-22,46
2184,2022-10-23,11
2185,2018-10-19,81
2186,2019-01-24,19
2187,2021-05-07,63
2188,2021-06-30,3
2189,2022-09-02,98
2190,2016-10-14,80
2191,2022-04-20,12
2192,2021-11-15,9
2193,2017-04-19,37
2194,2015-12-21,13
2195,2021-01-19,24
2196,2015-11-17,55
2197,2018-06-01,11
2198,2016-11-26,15
2199,2019-01-28,80
2200,2020-04-12,82
2201,2020-11-21,79
2202,2022-06-10,62
2203,2020-01-04,31
2204,2022-11-21,6
2205,2016-04-26,5
2206,2021-11-04,66
2207,2021-01-06,20
2208,2018-11-26,46
2209,2019-12-05,46
2210,2018-11-09,81
2211,2022-01-25,10
2212,2022-09-19,57
2213,2018-10-23,39
2214,2019-11-26,84
2215,2019-07-19,37
2216,2017-10-31,39
2217,2017-12-05,62
2218,2016-04-15,25
2219,2017-04-05,82
2220,2021-11-06,77
2221,2015-10-07,63
2222,2018-07-30,93
2223,2022-10-30,66
2224,2016-06-24,47
2225,2020-12-19,54
2226,2022-08-28,78
2227,2018-10-24,68
2228,2017-10-27,83
2229,2016-02-27,95
2230,2022-01-06,98
2231,2022-05-27,37
2232,2016-05-27,32
2233,2016-10-09,33
2234,2021-11-05,28
2235,2022-02-19,9
2236,2015-09-12,35
2237,2021-06-07,92
2238,2023-02-06,30
2239,2016-07-21,52
2240,2022-03-07,64
2241,2017-10-30,34
2242,2022-06-12,5
2243,2018-04-16,53
2244,2020-03-21,72
2245,2021-10-24,35
2246,2016-10-18,25
2247,2017-07-31,60
2248,2019-08-28,92
2249,2016-09-20,48
2250,2020-07-16,91
2251,2017-01-13,71
2252,2018-04-02,37
2253,2015-09-28,25
2254,2016-06-05,10
2255,2020-06-18,74
2256,2017-09-05,40
2257,2017-03-19,87
2258,2015-11-17,85
2259,2020-07-15,47
2260,2021-07-19,11
2261,2018-02-28,54
2262,2016-03-31,74
2263,2023-01-19,96
2264,2020-12-18,74
2265,2018-10-20,96
2266,2019-10-16,28
2267,2019-06-02,80
2268,2021-08-15,61
2269,2019-05-11,47
2270,2020-10-22,27
2271,2023-01-06,95
2272,2019-02-13,50
2273,2017-02-25,91
2274,2022-06-03,69
2275,2022-11-01,61
2276,2022-04-07,26
2277,2017-02-02,78
2278,2018-02-10,37
2279,2016-11-15,45
2280,2021-12-25,6
2281,2022-05-31,85
2282,2021-05-16,16
2283,2019-03-11,58
2284,2021-04-15,38
2285,2017-02-17,87
2286,2021-03-18,61
2287,2021-01-11,10
2288,2015-10-25,3
2289,2016-08-29,7
2290,2018-01-18,29
2291,2018-12-08,99
2292,2020-04-10,76
2293,2020-02-09,49
2294,2016-09-25,57
2295,2021-10-10,43
2296,2021-12-05,88
2297,2019-11-30,53
2298,2017-09-27,61
2299,2021-01-20,45
2300,2015-11-16,25
2301,2016-04-13,68
2302,2016-06-25,57
2303,2018-06-05,82
2304,2021-03-13,7
2305,2021-10-30,46
2306,2015-10-09,88
2307,2019-06-30,39
2308,2023-01-30,77
2309,2022-06-18,49
2310,2020-03-30,48
2311,2022-09-01,46
2312,2018-02-25,12
2313,2020-06-14,35
2314,2018-05-25,97
2315,2021-06-10,49
2316,2019-08-05,9
2317,2016-03-20,82
2318,2020-06-19,37
2319,2020-08-28,57
2320,2016-12-03,60
2321,2020-11-19,10
2322,2020-12-03,12
2323,2022-07-20,10
2324,2020-02-28,1
2325,2018-04-24,95
2326,2021-04-02,65
2327,2022-11-21,34
2328,2018-09-16,17
2329,2022-10-31,29
2330,2016-09-06,57
2331,2018-05-20,100
2332,2019-12-14,81
2333,2022-03-03,66
2334,2018-11-02,23
2335,2021-08-27,7
2336,2018-01-10,97
2337,2022-03-06,2
2338,2022-02-04,77
2339,2015-09-09,24
2340,2018-11-28,29
2341,2018-02-08,6
2342,2019-06-19,22
2343,2016-11-10,83
2344,2021-03-17,62
2345,2021-09-16,24
2346,2015-10-03,86
2347,2017-09-26,99
2348,2021-10-18,32
2349,2022-02-16,98
2350,2018-12-21,27
2351,2021-05-15,10
2352,2021-12-25,34
2353,2017-06-03,8
2354,2020-01-13,47
2355,2021-02-16,88
2356,2022-09-14,14
2357,2019-10-09,82
2358,2018-01-27,39
2359,2016-03-20,77
2360,2017-06-10,96
2361,2018-09-23,41
2362,2021-11-04,80
2363,2023-02-10,9
2364,2020-08-04,14
2365,2017-01-20,90
2366,2021-01-24,49
2367,2022-11-05,52
2368,2017-04-26,96
2369,2018-11-20,53
2370,2019-03-21,31
2371,2017-04-28,50
2372,2021-04-16,99
2373,2020-08-28,85
2374,2021-06-06,91
2375,2017-08-18,80
2376,2022-10-19,67
2377,2017-11-04,68
2378,2022-08-11,20
2379,2017-01-11,89
2380,2017-06-23,98
2381,2019-09-23,7
2382,2016-01-14,52
2383,2017-02-07,88
2384,2019-11-24,10
2385,2021-03-17,70
2386,2021-10-12,58
2387,2022-10-12,9
2388,2020-01-17,44
2389,2017-05-03,28
2390,2022-06-21,25
2391,2019-02-01,71
2392,2017-01-28,21
2393,2020-09-15,84
2394,2020-01-28,81
2395,2019-07-12,91
2396,2021-05-10,87
2397,2020-05-20,56
2398,2018-04-25,65
2399,2017-02-05,47
2400,2020-02-07,94
2401,2017-02-11,15
2402,2018-02-12,54
2403,2020-08-17,57
2404,2017-07-29,30
2405,2021-11-10,71
2406,2015-10-14,32
2407,2020-12-08,30
2408,2016-10-30,21
2409,2018-12-03,98
2410,2021-11-11,83
2411,2022-05-27,74
2412,2015-10-26,90
2413,2023-01-25,70
2414,2017-01-06,46
2415,2018-01-22,51
2416,2022-01-21,97
2417,2018-06-09,43
2418,2022-03-14,40
2419,2018-07-07,40
2420,2018-04-11,99
2421,2020-04-02,84
2422,2020-03-15,24
2423,2020-02-22,71
2424,2022-05-03,63
2425,2022-12-23,95
2426,2018-04-21,63
2427,2017-05-04,6
2428,2016-12-24,5
2429,2016-01-23,52
2430,2017-08-28,49
2431,2022-06-14,76
2432,2018-06-16,33
2433,2019-11-10,80
2434,2021-08-30,40
2435,2021-07-24,16
2436,2022-05-06,90
2437,2020-02-05,55
2438,2021-04-15,37
2439,2016-03-05,15
2440,2015-11-25,52
2441,2016-08-08,44
2442,2021-04-13,22
2443,2018-02-18,78
2444,2021-06-22,58
2445,2017-11-06,93
2446,2016-09-30,6
2447,2016-01-27,71
2448,2020-10-03,56
2449,2016-11-04,91
2450,2018-05-17,58
2451,2021-01-23,71
2452,2022-05-06,73
2453,2022-08-23,12
2454,2016-10-17,96
2455,2019-09-28,21
2456,2016-05-07,85
2457,2021-08-28,21
2458,2019-09-28,59
2459,2019-07-05,46
2460,2016-12-03,83
2461,2018-09-09,79
2462,2020-12-01,11
2463,2022-08-21,36
2464,2022-11-22,93
2465,2017-05-06,3
2466,2021-07-24,93
2467,2020-10-01,23
2468,2019-11-19,58
2469,2021-04-11,79
2470,2017-05-11,81
2471,2021-03-29,39
2472,2018-06-08,48
2473,2019-08-11,32
2474,2021-11-21,53
2475,2020-06-24,60
2476,2019-07-08,65
2477,2019-01-08,59
2478,2020-06-24,6
2479,2015-10-23,12
2480,2015-10-17,77
2481,2018-01-30,39
2482,2016-05-18,60
2483,2022-04-05,29
2484,2022-01-07,69
2485,2019-08-17,23
2486,2015-12-02,82
2487,2017-02-24,99
2488,2018-12-06,78
2489,2022-12-18,22
2490,2023-02-06,73
2491,2016-04-26,86
2492,2021-11-26,60
2493,2015-10-02,10
2494,2019-04-15,28
2495,2022-05-24,12
2496,2021-03-31,21
2497,2022-04-26,10
2498,2020-03-10,11
2499,2022-09-28,86
2500,2020-05-02,83
2501,2022-12-20,94
2502,2021-02-27,68
2503,2018-06-18,68
2504,2016-05-31,97
2505,2017-08-19,68
2506,2018-07-11,13
2507,2022-03-18,57
2508,2016-11-12,78
2509,2015-11-16,2
2510,2022-07-27,71
2511,2022-01-18,59
2512,2019-06-12,27
2513,2020-07-13,3
2514,2019-08-13,59
2515,2016-08-15,49
2516,2020-05-22,24
2517,2017-02-12,84
2518,2015-10-20,35
2519,2018-04-25,56
2520,2018-07-09,56
2521,2022-02-14,2
2522,2019-12-26,84
2523,2016-03-14,77
2524,2022-10-30,33
2525,2016-08-25,51
2526,2015-12-29,33
2527,2021-09-17,35
2528,2016-02-01,32
2529,2015-10-16,9
2530,2021-10-23,93
2531,2017-06-15,46
2532,2019-05-30,30
2533,2022-03-29,29
2534,2022-02-15,4
2535,2017-06-12,69
2536,2015-09-30,91
2537,2016-08-03,1
2538,2017-07-23,98
2539,2021-12-15,68
2540,2019-11-25,80
2541,2018-02-16,56
2542,2020-04-01,92
2543,2021-08-03,78
2544,2019-06-20,57
2545,2020-01-23,53
2546,2016-10-24,25
2547,2021-04-08,32
2548,2018-09-03,44
2549,2021-05-09,17
2550,2019-04-29,88
2551,2017-12-04,43
2552,2019-10-19,38
2553,2022-05-11,3
2554,2019-09-13,35
2555,2019-02-21,94
2556,2021-05-26,53
2557,2016-07-08,100
2558,2019-03-28,26
2559,2021-05-18,85
2560,2015-10-10,22
2561,2016-08-17,58
2562,2019-06-16,19
2563,2021-11-22,98
2564,2017-09-05,35
2565,2020-05-01,24
2566,2017-10-26,98
2567,2015-10-04,15
2568,2018-12-26,46
2569,2020-03-21,15
2570,2020-05-31,96
2571,2021-01-23,60
2572,2015-09-27,6
2573,2019-11-14,11
2574,2022-02-07,62
2575,2022-05-17,59
2576,2022-12-21,70
2577,2021-11-12,33
2578,2023-01-29,41
2579,2020-10-03,3
2580,2021-10-31,20
2581,2016-01-31,5
2582,2018-12-07,63
2583,2022-07-28,20
2584,2019-08-19,67
2585,2021-04-10,59
2586,2017-12-02,7
2587,2016-07-18,71
2588,2020-11-20,68
2589,2022-03-19,63
2590,2016-06-04,44
2591,2017-03-31,26
2592,2017-07-21,5
2593,2015-10-29,90
2594,2017-02-27,72
2595,2022-07-05,17
2596,2016-10-08,92
2597,2016-12-22,77
2598,2016-06-19,97
2599,2020-08-25,82
2600,2021-12-21,56
2601,2020-01-19,34
2602,2020-03-27,22
2603,2021-07-01,47
2604,2021-08-25,54
2605,2022-05-27,59
2606,2022-06-12,53
2607,2018-03-29,57
2608,2023-02-05,3
2609,2021-08-06,17
2610,2022-08-19,67
2611,2020-01-24,8
2612,2020-12-09,73
2613,2019-02-05,65
2614,2020-08-19,45
2615,2019-07-07,91
2616,2016-01-04,95
2617,2015-11-15,24
2618,2017-05-12,17
2619,2022-10-15,93
2620,2019-04-26,27
2621,2016-11-10,17
2622,2015-09-11,28
2623,2015-12-21,84
2624,2016-10-28,44
2625,2016-04-03,88
2626,2018-03-08,39
2627,2020-05-03,53
2628,2016-10-30,93
2629,2017-09-22,23
2630,2017-05-12,10
2631,2020-11-10,85
2632,2019-04-07,47
2633,2015-09-26,32
2634,2018-11-14,59
2635,2019-05-04,89
2636,2020-07-26,42
2637,2015-10-21,38
2638,2021-12-14,89
2639,2020-04-12,13
2640,2018-07-16,35
2641,2022-05-06,48
2642,2022-05-04,77
2643,2018-02-16,79
2644,2016-10-16,46
2645,2020-06-25,78
2646,2022-11-25,100
2647,2020-01-24,66
2648,2015-09-19,89
2649,2019-10-11,99
2650,2017-05-03,1
2651,2020-01-28,72
2652,2020-08-23,75
2653,2020-05-04,77
2654,2018-01-02,78
2655,2020-11-03,7
2656,2021-04-21,69
2657,2022-09-30,4
2658,2016-07-12,8
2659,2020-03-28,14
2660,2016-06-07,90
2661,2018-12-29,8
2662,2017-11-23,54
2663,2022-03-08,23
2664,2022-12-29,43
2665,2023-01-14,46
2666,2017-09-23,77
2667,2022-10-04,81
2668,2019-05-17,64
2669,2016-09-04,96
2670,2016-01-27,70
2671,2018-08-11,57
2672,2021-02-23,54
2673,2022-07-08,22
2674,2021-10-29,99
2675,2019-05-19,52
2676,2022-12-22,17
2677,2021-10-07,91
2678,2016-03-22,39
2679,2018-10-14,100
2680,2016-02-10,42
2681,2017-04-18,12
2682,2019-09-04,19
2683,2019-04-06,4
2684,2020-04-30,51
2685,2020-12-02,92
2686,2017-03-14,80
2687,2017-08-24,65
2688,2022-11-30,87
2689,2020-03-18,16
2690,2016-01-09,65
2691,2020-07-20,95
2692,2016-04-08,94
2693,2019-07-26,49
2694,2022-04-20,91
2695,2022-08-04,79
2696,2021-01-23,49
2697,2021-02-21,53
2698,2017-11-02,32
2699,2016-05-08,22
2700,2020-01-27,23
2701,2019-11-08,80
2702,2018-10-05,10
2703,2017-09-09,50
2704,2021-11-06,7
2705,2015-11-23,55
2706,2017-09-01,69
2707,2022-11-22,52
2708,2019-06-21,24
2709,2019-10-11,95
2710,2017-07-18,42
2711,2022-10-21,16
2712,2016-12-10,32
2713,2019-12-22,60
2714,2022-03-06,52
2715,2019-12-11,60
2716,2022-02-03,1
2717,2019-03-29,86
2718,2022-04-24,79
2719,2020-10-26,2
2720,2016-10-24,15
2721,2018-10-24,40
2722,2020-11-04,81
2723,2019-03-26,94
2724,2016-03-30,34
2725,2022-04-04,81
2726,2018-09-07,29
2727,2022-08-02,76
2728,2019-12-20,12
2729,2019-08-09,75
2730,2020-08-20,50
2731,2019-06-04,28
2732,2021-01-08,7
2733,2022-07-06,82
2734,2016-10-03,85
2735,2016-09-01,47
2736,2022-03-24,17
2737,2018-08-23,83
2738,2018-10-22,18
2739,2018-06-14,68
2740,2021-11-18,93
2741,2022-09-21,46
2742,2018-01-06,95
2743,2021-03-02,85
2744,2022-07-22,100
2745,2017-04-01,85
2746,2016-12-30,52
2747,2018-06-04,58
2748,2022-03-10,97
2749,2017-11-07,52
2750,2017-07-23,36
2751,2017-05-06,51
2752,2017-03-18,62
2753,2021-02-10,83
2754,2020-04-18,54
2755,2022-08-29,97
2756,2019-08-09,69
2757,2019-12-02,58
2758,2021-05-22,48
2759,2022-10-10,29
2760,2020-08-02,38
2761,2022-05-03,4
2762,2018-02-25,49
2763,2021-12-17,22
2764,2021-09-18,88
2765,2021-06-03,8
2766,2020-02-05,55
2767,2022-04-23,50
2768,2019-06-13,88
2769,2020-06-27,30
2770,2022-10-21,2
2771,2016-08-02,43
2772,2019-02-24,40
2773,2016-10-07,61
2774,2017-07-15,27
2775,2016-04-04,37
2776,2019-03-28,38
2777,2016-10-02,39
2778,2017-04-06,62
2779,2022-06-10,17
2780,2021-09-27,83
2781,2021-02-14,74
2782,2020-07-06,36
2783,2018-10-05,68
2784,2021-11-24,31
2785,2019-01-28,16
2786,2022-04-05,98
2787,2019-06-23,79
2788,2019-08-22,6
2789,2022-12-06,69
2790,2016-08-02,100
2791,2020-04-30,49
2792,2019-12-01,9
2793,2019-05-08,66
2794,2017-10-29,88
2795,2018-05-24,31
2796,2018-09-12,17
2797,2016-09-14,99
2798,2021-07-17,81
2799,2019-06-09,60
2800,2021-03-13,33
2801,2019-12-11,40
2802,2019-03-05,85
2803,2018-10-06,41
2804,2018-10-22,89
2805,2020-01-28,91
2806,2018-07-17,9
2807,2021-10-07,2
2808,2023-02-02,50
2809,2018-06-12,86
2810,2021-07-05,76
2811,2017-05-17,63
2812,2021-01-18,60
2813,2015-10-10,18
2814,2016-07-23,16
2815,2016-02-09,36
2816,2018-02-21,64
2817,2021-07-17,70
2818,2022-03-10,65
2819,2019-06-27,63
2820,2023-01-12,52
2821,2022-03-09,12
2822,2020-11-02,78
2823,2018-12-11,30
2824,2019-07-29,68
2825,2017-07-21,5
2826,2017-04-14,33
2827,2021-05-26,2
2828,2017-12-23,25
2829,2018-01-06,46
2830,2022-12-23,13
2831,2018-10-23,85
2832,2021-08-21,38
2833,2022-04-22,83
2834,2021-10-03,98
2835,2018-10-07,61
2836,2017-10-13,6
2837,2021-05-31,29
2838,2018-09-24,20
2839,2016-04-16,57
2840,2016-07-27,46
2841,2020-07-27,27
2842,2015-11-03,35
2843,2021-10-05,35
2844,2021-09-18,54
2845,2019-04-26,80
2846,2017-11-21,69
2847,2022-04-30,35
2848,2020-06-16,87
2849,2022-12-11,89
2850,2019-08-06,54
2851,2021-03-02,5
2852,2022-12-22,85
2853,2021-02-07,4
2854,2022-03-13,32
2855,2021-02-24,25
2856,2017-11-17,75
2857,2021-06-25,34
2858,2016-06-21,12
2859,2016-11-16,10
2860,2021-02-20,12
2861,2021-12-08,1
2862,2021-11-15,61
2863,2019-03-22,9
2864,2018-05-02,14
2865,2018-10-25,63
2866,2020-01-13,85
2867,2018-11-03,99
2868,2015-09-09,36
2869,2019-06-23,94
2870,2016-11-12,4
2871,2018-08-05,34
2872,2020-04-01,34
2873,2021-06-09,96
2874,2022-10-22,69
2875,2019-01-03,9
2876,2020-04-16,85
2877,2020-01-01,60
2878,2019-08-05,52
2879,2018-09-03,60
2880,2022-10-06,3
2881,2020-04-04,58
2882,2023-01-11,64
2883,2020-04-15,83
2884,2021-12-20,73
2885,2020-11-02,21
2886,2019-01-25,24
2887,2018-09-13,6
2888,2021-02-12,30
2889,2018-09-28,96
2890,2021-05-15,4
2891,2017-05-29,5
2892,2019-04-29,95
2893,2019-01-26,58
2894,2016-05-08,69
2895,2017-08-12,35
2896,2016-11-25,16
2897,2020-04-18,88
2898,2019-10-09,2
2899,2021-03-19,93
2900,2015-11-17,85
2901,2020-07-08,67
2902,2016-09-22,46
2903,2019-11-30,50
2904,2018-11-30,80
2905,2021-05-17,15
2906,2017-01-02,92
2907,2021-09-09,36
2908,2022-03-30,66
2909,2020-10-16,83
2910,2017-07-03,10
2911,2023-01-16,80
2912,2018-10-26,41
2913,2020-01-18,29
2914,2019-05-28,76
2915,2020-05-16,92
2916,2021-07-21,74
2917,2016-08-12,29
2918,2017-09-23,83
2919,2022-06-03,32
2920,2022-11-10,64
2921,2021-05-01,89
2922,2016-02-12,78
2923,2019-02-06,74
2924,2022-07-05,94
2925,2022-06-04,100
2926,2017-07-21,8
2927,2018-06-09,44
2928,2017-06-02,21
2929,2022-05-27,13
2930,2018-03-04,66
2931,2016-12-09,66
2932,2017-12-30,80
2933,2022-02-08,32
2934,2020-04-01,73
2935,2018-05-02,49
2936,2017-12-09,66
2937,2016-11-27,96
2938,2022-10-11,76
2939,2020-03-02,59
2940,2016-10-11,3
2941,2023-01-12,52
2942,2016-06-25,27
2943,2018-11-10,11
2944,2019-07-24,95
2945,2017-07-24,82
2946,2020-01-17,87
2947,2022-05-09,82
2948,2020-08-26,83
2949,2022-07-05,27
2950,2017-08-06,71
2951,2020-09-16,89
2952,2017-03-06,91
2953,2016-09-29,60
2954,2017-12-13,99
2955,2016-02-09,58
2956,2022-03-15,23
2957,2018-12-12,92
2958,2016-08-20,33
2959,2017-08-19,49
2960,2019-03-28,12
2961,2018-09-14,33
2962,2015-09-03,88
2963,2021-10-12,14
2964,2021-10-07,35
2965,2022-04-26,66
2966,2020-07-28,24
2967,2021-04-30,37
2968,2015-09-26,64
2969,2021-10-13,79
2970,2017-09-21,26
2971,2019-01-10,65
2972,2016-01-26,16
2973,2019-08-10,71
2974,2020-03-15,41
2975,2016-12-28,98
2976,2021-06-27,27
2977,2018-08-13,10
2978,2021-02-18,27
2979,2016-04-23,75
2980,2021-05-23,2
2981,2017-05-06,44
2982,2016-09-21,52
2983,2021-07-18,77
2984,2016-09-09,19
2985,2021-07-22,85
2986,2019-01-26,35
2987,2020-04-08,82
2988,2018-10-27,14
2989,2017-04-16,19
2990,2021-10-31,63
2991,2020-02-12,39
2992,2019-02-06,63
2993,2020-12-15,38
2994,2018-08-28,57
2995,2022-07-16,99
2996,2022-04-20,37
2997,2022-08-23,49
2998,2020-07-22,60
2999,2022-01-18,54
3000,2017-09-15,56
3001,2020-04-27,58
3002,2017-02-18,18
3003,2017-03-17,88
3004,2020-01-02,17
3005,2019-09-20,42
3006,2022-04-18,67
3007,2019-05-03,6
3008,2016-11-24,33
3009,2019-03-09,82
3010,2021-08-24,70
3011,2018-11-23,82
3012,2016-02-29,72
3013,2016-11-28,14
3014,2022-03-25,38
3015,2019-07-21,76
3016,2020-01-14,57
3017,2022-08-28,4
3018,2019-12-13,80
3019,2020-04-12,44
3020,2019-05-12,53
3021,2017-03-28,10
3022,2019-11-04,13
3023,2018-12-16,10
3024,2017-08-01,42
3025,2020-01-14,96
3026,2022-09-13,1
3027,2018-05-06,100
3028,2016-03-05,13
3029,2017-10-29,75
3030,2022-11-09,23
3031,2021-07-03,87
3032,2017-08-25,63
3033,2018-09-19,80
3034,2020-12-11,97
3035,2017-08-12,24
3036,2022-07-26,56
3037,2015-09-30,82
3038,2018-01-04,100
3039,2021-04-12,28
3040,2017-03-15,56
3041,2020-05-16,5
3042,2018-09-02,44
3043,2016-11-12,60
3044,2018-02-10,91
3045,2018-05-02,61
3046,2019-01-15,7
3047,2019-04-21,82
3048,2019-11-13,17
3049,2018-03-21,96
3050,2020-10-27,23
3051,2020-05-07,68
3052,2016-02-06,20
3053,2016-05-30,34
3054,2017-05-09,5
3055,2020-12-24,41
3056,2016-02-23,93
3057,2018-09-17,17
3058,2019-01-22,20
3059,2020-09-15,59
3060,2016-10-22,11
3061,2022-04-24,1
3062,2020-07-15,12
3063,2017-08-31,29
3064,2017-03-02,14
3065,2022-01-25,98
3066,2016-06-13,54
3067,2017-07-27,100
3068,2020-06-26,73
3069,2017-07-15,51
3070,2019-09-11,97
3071,2019-09-07,72
3072,2019-12-16,96
3073,2020-01-28,76
3074,2016-06-19,23
3075,2018-06-02,52
3076,2020-11-24,56
3077,2022-11-28,43
3078,2022-12-30,62
3079,2017-12-30,29
3080,2019-08-31,93
3081,2022-07-29,23
3082,2019-05-06,29
3083,2023-01-13,44
3084,2021-05-17,73
3085,2020-10-11,65
3086,2016-01-22,86
3087,2016-05-30,26
3088,2019-11-02,44
3089,2021-10-19,46
3090,2017-12-30,97
3091,2022-06-21,85
3092,2016-11-19,97
3093,2021-09-19,47
3094,2019-08-27,28
3095,2016-03-21,37
3096,2018-05-20,17
3097,2017-03-31,22
3098,2022-07-14,34
3099,2017-07-13,25
3100,2022-01-06,11
3101,2016-12-22,80
3102,2018-06-04,86
3103,2019-05-18,52
3104,2021-04-07,47
3105,2020-02-07,90
3106,2017-12-02,42
3107,2019-02-26,10
3108,2017-04-12,49
3109,2021-12-15,9
3110,2017-10-22,17
3111,2022-12-22,17
3112,2018-02-03,22
3113,2019-02-15,27
3114,2019-05-10,76
3115,2021-11-07,80
3116,2021-02-04,27
3117,2019-05-24,74
3118,2019-09-26,88
3119,2016-04-28,68
3120,2022-10-01,97
3121,2018-12-21,32
3122,2016-02-13,86
3123,2020-07-27,32
3124,2021-01-15,40
3125,2015-10-13,20
3126,2017-03-24,54
3127,2018-04-21,93
3128,2020-11-06,68
3129,2021-06-04,99
3130,2016-09-16,29
3131,2022-06-25,18
3132,2021-07-13,98
3133,2020-01-06,21
3134,2022-12-05,55
3135,2017-11-17,21
3136,2018-08-11,42
3137,2016-08-09,69
3138,2018-07-30,35
3139,2015-09-16,22
3140,2018-01-20,26
3141,2019-05-06,52
3142,2022-01-20,45
3143,2017-01-08,16
3144,2021-06-19,18
3145,2020-02-18,58
3146,2015-09-22,17
3147,2022-04-16,23
3148,2016-09-26,55
3149,2016-09-21,31
3150,2020-05-02,52
3151,2016-08-28,64
3152,2018-11-21,26
3153,2021-03-10,49
3154,2018-04-03,66
3155,2017-05-11,3
3156,2016-05-13,69
3157,2018-10-27,89
3158,2021-06-24,55
3159,2018-12-18,68
3160,2016-08-15,27
3161,2017-05-27,74
3162,2017-12-01,28
3163,2018-08-09,100
3164,2022-12-02,100
3165,2019-05-04,14
3166,2023-02-04,51
3167,2018-10-28,10
3168,2018-08-08,73
3169,2020-01-20,90
3170,2018-04-21,52
3171,2016-11-19,70
3172,2018-07-24,72
3173,2018-08-08,65
3174,2022-10-15,25
3175,2021-09-09,46
3176,2017-05-13,89
3177,2022-08-25,9
3178,2020-01-27,45
3179,2022-10-25,97
3180,2018-12-17,63
3181,2022-09-25,58
3182,2017-02-07,23
3183,2018-04-14,87
3184,2021-10-29,87
3185,2018-12-18,83
3186,2018-08-29,53
3187,2016-10-01,86
3188,2018-06-07,13
3189,2022-02-23,46
3190,2021-03-26,30
3191,2016-08-29,55
3192,2022-03-12,70
3193,2020-10-24,69
3194,2020-03-19,61
3195,2019-04-13,29
3196,2022-02-07,50
3197,2022-11-23,95
3198,2018-06-20,50
3199,2018-04-25,31
3200,2018-02-22,73
3201,2018-09-07,28
3202,2021-02-27,80
3203,2021-12-17,57
3204,2022-12-15,40
3205,2022-07-11,85
3206,2021-10-19,49
3207,2015-11-16,1
3208,2017-07-30,48
3209,2022-08-05,19
3210,2019-03-05,99
3211,2021-10-07,70
3212,2020-10-31,78
3213,2020-07-19,64
3214,2018-02-15,28
3215,2016-08-11,91
3216,2020-01-05,27
3217,2016-11-02,29
3218,2020-06-23,83
3219,2021-07-03,26
3220,2017-09-17,88
3221,2021-05-29,63
3222,2018-07-11,46
3223,2018-12-24,62
3224,2019-07-28,64
3225,2022-03-15,3
3226,2017-12-17,79
3227,2018-07-31,21
3228,2017-12-01,8
3229,2021-06-03,43
3230,2016-08-05,13
3231,2020-09-01,65
3232,2020-10-15,17
3233,2018-11-20,39
3234,2020-08-01,90
3235,2017-03-17,81
3236,2022-02-08,17
3237,2016-12-01,14
3238,2022-05-12,25
3239,2021-07-23,58
3240,2015-11-23,94
3241,2020-12-15,90
3242,2016-08-17,75
3243,2017-02-26,49
3244,2019-06-22,15
3245,2021-06-14,90
3246,2022-03-14,44
3247,2018-03-03,12
3248,2022-12-06,62
3249,2020-07-06,60
3250,2019-02-16,80
3251,2017-02-22,79
3252,2017-11-29,100
3253,2017-04-24,11
3254,2018-07-26,47
3255,2020-08-21,34
3256,2020-06-22,44
3257,2021-11-10,73
3258,2022-01-10,54
3259,2019-11-29,91
3260,2019-03-14,22
3261,2017-02-27,52
3262,2020-07-15,14
3263,2020-10-31,61
3264,2016-12-29,35
3265,2020-04-27,78
3266,2019-08-20,85
3267,2020-07-23,23
3268,2018-03-15,35
3269,2019-05-24,51
3270,2018-08-08,47
3271,2018-10-03,14
3272,2023-01-14,100
3273,2019-10-11,18
3274,2018-03-19,46
3275,2022-11-01,46
3276,2020-08-20,32
3277,2021-09-21,50
3278,2018-05-04,26
3279,2020-05-25,77
3280,2022-02-22,12
3281,2023-01-09,27
3282,2016-10-07,42
3283,2019-07-16,99
3284,2021-07-10,61
3285,2020-04-04,40
3286,2017-09-16,13
3287,2020-04-17,10
3288,2016-04-24,95
3289,2019-02-13,57
3290,2019-02-21,30
3291,2020-03-21,91
3292,2020-09-16,23
3293,2018-05-10,46
3294,2022-10-24,62
3295,2017-05-08,13
3296,2017-05-22,97
3297,2018-06-07,34
3298,2016-02-07,4
3299,2019-08-29,75
3300,2019-09-07,5
3301,2019-02-25,33
3302,2017-12-20,89
3303,2017-05-01,11
3304,2019-04-30,34
3305,2021-01-16,77
3306,2016-05-07,72
3307,2020-10-16,35
3308,2022-01-21,49
3309,2020-12-23,7
3310,2022-05-18,54
3311,2019-07-23,47
3312,2021-06-01,71
3313,2022-06-24,48
3314,2017-07-30,70
3315,2017-03-15,33
3316,2020-03-03,38
3317,2016-04-17,94
3318,2022-11-01,67
3319,2016-06-26,50
3320,2021-05-29,3
3321,2016-07-24,85
3322,2022-03-15,72
3323,2015-09-04,47
3324,2016-03-26,54
3325,2016-09-04,22
3326,2019-02-21,82
3327,2018-03-11,26
3328,2019-11-20,76
3329,2021-06-30,7
3330,2020-08-23,23
3331,2022-03-08,22
3332,2018-10-11,63
3333,2017-04-03,53
3334,2016-08-31,70
3335,2020-03-09,18
3336,2019-05-23,47
3337,2015-09-28,24
3338,2016-12-26,28
3339,2019-11-28,66
3340,2020-09-25,79
3341,2017-04-22,1
3342,2022-10-09,90
3343,2022-03-27,66
3344,2016-10-13,41
3345,2021-07-10,52
3346,2015-11-09,77
3347,2020-01-21,68
3348,2023-01-10,31
3349,2020-10-21,1
3350,2016-10-11,41
3351,2019-02-27,60
3352,2023-01-09,56
3353,2019-07-04,98
3354,2016-07-23,8
3355,2016-01-15,50
3356,2018-01-03,24
3357,2017-11-11,86
3358,2016-07-19,39
3359,2017-05-11,37
3360,2021-03-18,71
3361,2019-01-24,54
3362,2017-02-05,20
3363,2021-12-17,63
3364,2016-03-22,43
3365,2022-06-15,97
3366,2022-01-30,9
3367,2015-11-05,11
3368,2019-09-07,98
3369,2016-10-04,49
3370,2020-02-29,23
3371,2020-11-11,90
3372,2021-01-08,45
3373,2018-06-30,77
3374,2022-02-12,67
3375,2021-12-17,11
3376,2017-04-01,84
3377,2017-07-01,7
3378,2020-02-03,56
3379,2022-01-31,12
3380,2021-10-26,74
3381,2022-04-08,86
3382,2022-01-29,63
3383,2022-12-14,96
3384,2015-09-22,87
3385,2022-01-04,93
3386,2018-10-25,28
3387,2016-12-22,35
3388,2016-06-27,89
3389,2020-08-27,83
3390,2022-10-17,74
3391,2019-12-15,10
3392,2023-01-24,89
3393,2017-05-10,9
3394,2020-03-17,17
3395,2022-05-08,76
3396,2017-05-11,51
3397,2016-01-29,8
3398,2020-02-11,28
3399,2017-10-06,68
3400,2021-11-07,97
3401,2021-01-09,51
3402,2016-11-21,45
3403,2020-03-28,62
3404,2021-11-28,15
3405,2018-02-12,78
3406,2016-01-27,61
3407,2020-07-12,81
3408,2022-03-27,34
3409,2021-04-30,78
3410,2016-04-06,15
3411,2015-09-04,20
3412,2018-06-13,98
3413,2021-01-18,8
3414,2021-05-02,69
3415,2021-03-24,11
3416,2022-02-03,29
3417,2020-04-02,28
3418,2022-07-07,28
3419,2020-01-12,54
3420,2020-01-23,43
3421,2021-01-29,48
3422,2020-11-10,17
3423,2021-11-04,10
3424,2018-10-01,65
3425,2018-03-05,26
3426,2022-07-11,32
3427,2020-05-01,42
3428,2020-05-01,77
3429,2018-07-31,98
3430,2016-04-08,80
3431,2018-11-30,86
3432,2017-07-19,61
3433,2022-05-15,96
3434,2022-10-19,60
3435,2017-12-15,61
3436,2022-09-02,50
3437,2022-11-12,95
3438,2022-04-06,62
3439,2016-12-12,85
3440,2019-12-26,5
3441,2019-10-05,82
3442,2018-04-23,80
3443,2018-12-17,95
3444,2017-04-23,51
3445,2020-01-31,99
3446,2019-12-02,24
3447,2020-08-25,60
3448,2019-12-10,34
3449,2022-09-23,65
3450,2019-11-25,7
3451,2016-11-26,85
3452,2017-06-19,47
3453,2022-11-27,27
3454,2018-07-07,39
3455,2022-08-29,27
3456,2020-11-10,51
3457,2019-04-22,73
3458,2022-06-25,26
3459,2017-10-28,29
3460,2017-01-17,41
3461,2016-10-14,52
3462,2021-11-30,96
3463,2021-06-09,93
3464,2016-09-12,60
3465,2022-12-29,74
3466,2017-03-25,3
3467,2022-06-11,56
3468,2022-11-08,19
3469,2017-06-13,18
3470,2021-03-17,73
3471,2018-10-24,66
3472,2015-12-12,84
3473,2021-06-16,55
3474,2019-06-06,79
3475,2016-09-25,20
3476,2019-12-04,61
3477,2020-10-25,17
3478,2022-07-22,73
3479,2020-10-28,13
3480,2020-01-25,50
3481,2017-03-13,54
3482,2019-09-17,51
3483,2021-07-18,7
3484,2021-11-14,90
3485,2022-12-01,1
3486,2019-11-27,35
3487,2017-12-22,78
3488,2022-05-28,36
3489,2018-01-06,86
3490,2019-03-15,27
3491,2017-10-05,30
3492,2016-04-21,83
3493,2016-08-30,55
3494,2017-01-07,38
3495,2015-12-16,28
3496,2016-11-24,26
3497,2022-10-09,57
3498,2021-02-25,34
3499,2020-10-04,24
3500,2018-01-19,15
3501,2021-09-17,42
3502,2017-10-15,18
3503,2022-03-03,24
3504,2021-09-07,71
3505,2019-12-24,87
3506,2021-04-22,24
3507,2017-08-10,93
3508,2021-12-21,67
3509,2019-12-28,77
3510,2021-03-15,54
3511,2022-06-22,44
3512,2016-08-25,76
3513,2019-12-09,60
3514,2018-05-02,21
3515,2022-05-28,88
3516,2018-10-01,15
3517,2020-09-10,87
3518,2020-11-11,10
3519,2017-09-30,55
3520,2016-08-25,52
3521,2021-11-16,27
3522,2022-10-25,61
3523,2020-04-05,99
3524,2016-07-21,76
3525,2022-05-14,34
3526,2021-09-22,74
3527,2022-09-12,65
3528,2021-03-25,91
3529,2021-02-08,13
3530,2020-01-20,95
3531,2021-10-14,21
3532,2016-10-17,98
3533,2022-01-10,72
3534,2015-10-08,66
3535,2021-01-28,61
3536,2017-11-28,55
3537,2017-12-06,58
3538,2021-11-17,90
3539,2022-03-20,80
3540,2019-07-15,51
3541,2022-07-05,27
3542,2020-09-02,70
3543,2020-12-31,28
3544,2017-11-01,28
3545,2020-12-25,64
3546,2018-06-16,90
3547,2017-02-24,92
3548,2015-10-04,77
3549,2017-08-21,68
3550,2021-08-20,87
3551,2018-06-26,62
3552,2017-08-20,31
3553,2016-02-18,99
3554,2016-12-04,33
3555,2016-09-07,72
3556,2016-09-25,82
3557,2019-12-01,40
3558,2018-07-12,23
3559,2019-03-18,81
3560,2019-04-24,38
3561,2019-01-27,32
3562,2018-10-30,59
3563,2019-03-22,3
3564,2015-11-13,59
3565,2022-07-24,55
3566,2018-09-24,100
3567,2022-02-13,13
3568,2016-05-30,68
3569,2016-05-21,85
3570,2019-12-03,64
3571,2020-05-03,58
3572,2021-04-04,38
3573,2019-08-07,91
3574,2020-03-05,23
3575,2022-08-28,80
3576,2018-05-24,14
3577,2016-08-16,20
3578,2018-07-02,25
3579,2020-06-12,44
3580,2016-01-25,11
3581,2018-12-22,79
3582,2018-02-03,51
3583,2019-05-13,41
3584,2022-03-26,26
3585,2022-05-12,51
3586,2022-08-08,36
3587,2023-01-03,58
3588,2017-10-12,92
3589,2021-07-09,49
3590,2021-12-21,90
3591,2018-10-09,20
3592,2020-06-25,6
3593,2022-08-29,24
3594,2022-08-02,44
3595,2019-09-14,23
3596,2016-04-18,72
3597,2019-08-19,83
3598,2016-01-30,98
3599,2021-11-28,88
3600,2018-10-18,26
3601,2022-09-07,86
3602,2020-06-01,88
3603,2020-11-22,16
3604,2019-05-20,47
3605,2021-06-28,79
3606,2020-08-01,99
3607,2021-08-11,92
3608,2020-12-14,29
3609,2019-12-31,11
3610,2019-09-15,23
3611,2017-03-14,66
3612,2019-05-21,67
3613,2018-05-19,94
3614,2020-07-09,25
3615,2016-08-10,46
3616,2017-12-15,53
3617,2017-11-20,76
3618,2017-09-07,82
3619,2021-09-27,29
3620,2017-02-19,13
3621,2020-02-23,55
3622,2020-07-26,99
3623,2022-11-23,8
3624,2022-01-31,53
3625,2016-12-10,13
3626,2021-04-22,22
3627,2017-08-03,52
3628,2020-05-30,80
3629,2016-05-27,52
3630,2020-10-29,38
3631,2018-06-19,51
3632,2020-02-08,36
3633,2019-08-13,58
3634,2021-12-30,50
3635,2019-03-15,24
3636,2022-08-31,78
3637,2017-09-07,22
3638,2017-04-12,65
3639,2017-10-05,80
3640,2021-01-07,87
3641,2017-09-09,96
3642,2022-03-11,99
3643,2021-03-01,54
3644,2018-02-22,81
3645,2022-02-09,67
3646,2022-09-22,48
3647,2016-05-25,90
3648,2017-11-04,29
3649,2018-01-24,93
3650,2017-06-10,93
3651,2021-12-14,10
3652,2018-01-20,75
3653,2017-03-15,81
3654,2022-07-29,29
3655,2016-04-24,98
3656,2017-07-16,54
3657,2021-04-25,38
3658,2018-01-11,87
3659,2021-10-08,31
3660,2018-08-16,93
3661,2022-03-05,16
3662,2021-12-28,73
3663,2017-04-16,74
3664,2019-07-27,89
3665,2022-08-13,92
3666,2022-05-02,3
3667,2016-12-12,86
3668,2022-11-27,69
3669,2019-07-08,69
3670,2016-10-09,83
3671,2016-03-24,92
3672,2018-10-11,57
3673,2020-04-11,37
3674,2020-07-08,2
3675,2022-01-24,62
3676,2017-07-17,22
3677,2015-11-07,3
3678,2018-07-03,56
3679,2022-12-23,96
3680,2020-04-08,100
3681,2020-10-17,59
3682,2018-05-15,10
3683,2021-07-16,39
3684,2019-09-12,51
3685,2018-09-05,79
3686,2023-01-23,30
3687,2018-06-23,82
3688,2017-03-10,14
3689,2015-10-26,58
3690,2018-07-30,50
3691,2020-04-17,23
3692,2021-06-05,46
3693,2016-04-26,79
3694,2021-04-21,66
3695,2016-08-25,51
3696,2016-06-20,41
3697,2016-01-03,12
3698,2017-05-12,81
3699,2021-10-21,55
3700,2020-10-28,69
3701,2017-02-22,18
3702,2020-11-29,60
3703,2017-11-09,79
3704,2021-03-25,35
3705,2023-02-05,3
3706,2018-06-18,64
3707,2019-11-20,25
3708,2017-10-30,5
3709,2019-04-20,40
3710,2021-04-15,5
3711,2015-12-22,57
3712,2018-01-28,100
3713,2020-06-30,51
3714,2018-01-08,50
3715,2015-12-26,66
3716,2021-01-10,29
3717,2017-09-23,19
3718,2020-11-06,48
3719,2017-06-29,89
3720,2022-12-03,47
3721,2021-10-14,70
3722,2021-09-11,2
3723,2018-03-30,90
3724,2017-05-10,44
3725,2021-10-07,78
3726,2016-02-04,56
3727,2019-01-12,51
3728,2019-05-18,27
3729,2019-04-09,3
3730,2022-07-09,68
3731,2023-01-24,53
3732,2019-05-12,55
3733,2018-02-05,99
3734,2020-07-31,48
3735,2019-10-20,99
3736,2016-07-14,70
3737,2019-09-10,48
3738,2019-06-15,81
3739,2016-11-11,9
3740,2017-02-28,23
3741,2016-06-02,98
3742,2019-02-14,91
3743,2015-12-17,13
3744,2021-01-04,2
3745,2020-07-14,99
3746,2017-03-29,99
3747,2022-11-30,89
3748,2019-09-05,61
3749,2022-03-24,91
3750,2023-01-18,76
3751,2021-09-02,45
3752,2016-11-02,63
3753,2019-08-03,64
3754,2018-10-12,88
3755,2018-03-22,80
3756,2016-07-27,57
3757,2017-08-05,24
3758,2019-03-20,12
3759,2019-05-30,17
3760,2017-05-28,14
3761,2019-07-11,19
3762,2018-11-30,64
3763,2019-06-11,92
3764,2019-11-07,37
3765,2019-11-24,22
3766,2017-06-08,29
3767,2016-02-16,40
3768,2022-05-19,31
3769,2017-11-29,9
3770,2016-04-19,82
3771,2022-01-17,20
3772,2016-04-05,95
3773,2016-11-29,13
3774,2020-01-25,67
3775,2021-03-25,72
3776,2017-05-28,25
3777,2019-05-17,30
3778,2016-08-29,86
3779,2022-12-08,3
3780,2016-05-24,94
3781,2022-06-18,99
3782,2016-04-24,89
3783,2018-07-05,69
3784,2022-09-15,71
3785,2020-10-01,20
3786,2017-06-07,11
3787,2021-04-23,81
3788,2016-12-24,6
3789,2019-05-04,60
3790,2019-11-20,32
3791,2019-01-03,97
3792,2023-02-04,77
3793,2019-02-06,48
3794,2017-07-17,55
3795,2017-09-11,40
3796,2020-08-12,87
3797,2020-02-07,95
3798,2020-05-20,45
3799,2021-05-02,28
3800,2022-11-21,14
3801,2020-02-08,20
3802,2020-01-03,94
3803,2022-05-01,85
3804,2020-07-04,86
3805,2022-04-27,15
3806,2021-03-13,90
3807,2022-08-19,98
3808,2023-01-21,99
3809,2017-12-05,89
3810,2015-12-16,8
3811,2022-07-25,79
3812,2016-03-11,55
3813,2021-12-13,59
3814,2017-10-26,29
3815,2018-05-17,84
3816,2020-09-16,97
3817,2016-11-26,15
3818,2022-08-26,31
3819,2019-01-14,53
3820,2018-11-17,23
3821,2017-09-29,92
3822,2018-09-07,99
3823,2020-12-12,75
3824,2018-09-10,26
3825,2020-09-11,56
3826,2021-05-08,85
3827,2018-07-14,98
3828,2021-03-12,37
3829,2019-08-23,74
3830,2020-06-12,54
3831,2018-07-17,12
3832,2021-06-22,26
3833,2020-02-07,21
3834,2015-09-16,29
3835,2021-04-10,67
3836,2018-04-07,89
3837,2017-04-16,42
3838,2020-02-29,91
3839,2016-08-16,59
3840,2017-04-01,65
3841,2019-02-21,90
3842,2017-01-22,2
3843,2017-11-20,45
3844,2019-02-01,51
3845,2017-06-28,63
3846,2020-02-08,45
3847,2019-08-24,45
3848,2015-09-27,19
3849,2018-09-11,19
3850,2015-10-10,22
3851,2016-08-23,79
3852,2019-01-18,75
3853,2016-10-26,4
3854,2018-07-11,52
3855,2021-06-17,6
3856,2022-02-01,26
3857,2021-01-27,18
3858,2018-09-17,58
3859,2016-08-19,17
3860,2016-05-26,10
3861,2018-04-11,36
3862,2020-03-25,37
3863,2021-02-01,41
3864,2017-12-14,12
3865,2015-12-16,44
3866,2020-11-07,3
3867,2016-08-25,77
3868,2018-09-03,15
3869,2017-11-21,48
3870,2019-03-05,45
3871,2020-02-21,72
3872,2016-08-14,18
3873,2017-07-20,86
3874,2022-12-26,18
3875,2016-07-19,28
3876,2022-03-07,67
3877,2020-04-24,37
3878,2017-03-19,78
3879,2017-08-19,24
3880,2020-08-02,93
3881,2021-07-07,39
3882,2019-10-22,96
3883,2017-02-26,65
3884,2018-03-30,85
3885,2017-05-25,58
3886,2019-07-09,95
3887,2016-01-03,62
3888,2015-11-28,9
3889,2019-05-14,97
3890,2018-12-02,79
3891,2021-03-17,37
3892,2022-02-14,41
3893,2017-12-16,34
3894,2020-08-10,58
3895,2016-05-08,97
3896,2016-01-11,81
3897,2022-11-12,53
3898,2017-05-11,95
3899,2019-07-13,66
3900,2016-11-25,46
3901,2020-07-18,14
3902,2018-01-26,88
3903,2022-11-08,66
3904,2016-01-03,16
3905,2022-05-19,79
3906,2017-06-12,84
3907,2019-08-07,96
3908,2018-08-20,27
3909,2020-05-30,15
3910,2017-07-25,31
3911,2021-10-26,65
3912,2017-04-01,45
3913,2022-10-21,65
3914,2019-09-14,66
3915,2021-05-24,45
3916,2020-11-02,58
3917,2016-06-01,96
3918,2020-10-07,84
3919,2018-05-18,73
3920,2020-02-16,40
3921,2022-12-11,16
3922,2015-10-03,87
3923,2021-03-26,2
3924,2019-10-22,8
3925,2017-06-28,80
3926,2018-03-11,60
3927,2020-05-09,27
3928,2016-12-31,67
3929,2020-08-15,41
3930,2017-04-19,41
3931,2018-05-06,16
3932,2019-05-21,81
3933,2023-01-02,62
3934,2015-12-30,42
3935,2015-12-08,21
3936,2020-02-16,22
3937,2018-03-17,38
3938,2019-08-04,13
3939,2017-04-13,42
3940,2021-12-20,90
3941,2021-07-02,54
3942,2019-12-12,16
3943,2023-02-04,75
3944,2019-11-24,61
3945,2016-04-06,39
3946,2019-01-12,70
3947,2019-07-19,53
3948,2020-05-03,60
3949,2021-10-14,1
3950,2017-04-02,86
3951,2018-12-13,85
3952,2022-02-15,23
3953,2022-10-18,59
3954,2019-06-20,38
3955,2020-01-27,43
3956,2016-06-22,64
3957,2022-09-17,58
3958,2015-12-09,50
3959,2022-07-01,49
3960,2022-12-21,63
3961,2023-01-05,79
3962,2016-06-04,67
3963,2020-12-19,43
3964,2021-07-12,43
3965,2023-02-04,53
3966,2022-07-04,98
3967,2022-11-21,63
3968,2018-01-24,59
3969,2019-01-14,19
3970,2018-06-25,78
3971,2018-11-27,86
3972,2018-04-13,17
3973,2017-03-30,98
3974,2017-02-06,8
3975,2015-11-26,31
3976,2022-05-31,30
3977,2020-12-01,77
3978,2021-12-01,96
3979,2016-06-12,29
3980,2020-12-07,2
3981,2022-11-21,40
3982,2018-05-03,85
3983,2018-10-24,50
3984,2021-10-02,52
3985,2020-04-24,25
3986,2020-04-16,77
3987,2019-08-07,58
3988,2017-02-10,71
3989,2019-07-30,60
3990,2020-06-28,82
3991,2020-09-17,78
3992,2015-09-17,54
3993,2021-07-15,73
3994,2018-10-07,40
3995,2018-07-22,33
3996,2017-12-08,32
3997,2023-01-06,100
3998,2016-04-22,95
3999,2019-11-29,63
4000,2016-07-12,50
