2	33-(714)267-1508
2	381-(516)449-5864
2	7-(157)607-5292
3	380-(364)894-9775
3	86-(988)799-0866
4	54-(349)439-0859
1	27-(804)736-6169
4	51-(976)398-9695
1	420-(997)696-6689
5	374-(716)124-8242
5	1-(702)875-8031
6	33-(766)727-9058
7	62-(965)232-4213
7	7-(586)327-3221
6	62-(334)635-6550
8	63-(984)831-6672
9	98-(527)963-8965
9	48-(617)180-3644
7	55-(798)538-6633
1	62-(527)801-4804
4	55-(537)434-2648
10	86-(519)396-1399
10	86-(434)370-3117
11	55-(264)151-2311
11	86-(579)639-5811
12	7-(423)131-0947
13	7-(529)837-9458
14	358-(649)377-1003
14	7-(179)746-7445
14	81-(439)896-3193
15	351-(994)870-1815
15	56-(955)563-5561
13	86-(238)246-1024
17	81-(641)322-3247
18	351-(151)376-3056
19	351-(516)249-5186
17	86-(892)271-2197
17	380-(809)835-9828
20	48-(317)274-5948
16	62-(265)528-4781
19	63-(485)940-3088
20	63-(341)740-3365
21	57-(363)688-0662
22	63-(620)932-7027
22	255-(962)797-5657
23	1-(158)752-9306
25	86-(412)570-4344
26	86-(291)524-4899
24	62-(261)872-6816
26	1-(626)396-8336
27	7-(241)120-7411
28	380-(109)367-7826
28	30-(208)446-5947
28	7-(609)812-7160
29	84-(810)279-9890
21	62-(745)557-4636
29	55-(283)417-2904
30	374-(502)443-5115
31	81-(437)390-1493
32	353-(785)323-5182
32	255-(118)930-8881
21	1-(540)178-9602
29	231-(305)105-4036
35	355-(277)156-4925
35	7-(715)642-0448
35	55-(549)473-7395
36	976-(118)966-5610
33	86-(838)450-6308
34	81-(771)177-2358
33	86-(488)467-3146
37	7-(119)519-3186
37	63-(975)474-9282
40	62-(983)123-4718
41	234-(486)614-7833
41	380-(586)855-0125
39	255-(755)553-0614
41	84-(875)861-7600
42	30-(795)101-1230
42	7-(782)118-7567
38	62-(711)241-7113
39	86-(549)650-6689
44	221-(135)119-1998
45	62-(227)298-1488
44	995-(637)101-6850
46	63-(304)631-2499
46	86-(113)432-9447
46	66-(606)195-3776
44	66-(411)869-3576
47	94-(992)821-6124
48	86-(650)307-2861
43	62-(459)448-6274
49	33-(775)779-5157
49	44-(616)564-0880
50	966-(963)271-0564
50	63-(916)861-2055
51	970-(984)941-3971
50	63-(609)622-3106
52	51-(798)210-3399
51	86-(265)693-4407
48	374-(745)761-8359
52	375-(937)427-8206
54	86-(726)681-3395
52	86-(902)444-9715
54	46-(619)795-9283
55	225-(719)651-8070
55	7-(203)179-8046
56	48-(256)698-2026
55	86-(565)373-9374
53	62-(848)464-8120
57	241-(953)623-0100
59	63-(460)819-5967
58	359-(678)762-6087
59	1-(411)810-7523
60	86-(672)244-1730
61	48-(669)717-6399
61	46-(839)910-1704
58	86-(105)815-4997
58	380-(383)440-5876
61	56-(675)355-2447
64	48-(240)907-5092
64	30-(226)496-0447
62	86-(539)590-4721
62	62-(662)186-2485
65	998-(480)297-2456
65	62-(206)426-8842
66	30-(129)880-7493
67	994-(637)762-3125
66	963-(932)296-4589
65	351-(747)914-3641
63	7-(225)729-1372
70	212-(411)616-1376
69	86-(353)522-4165
68	269-(587)484-5205
70	7-(930)503-3169
71	33-(963)491-9011
70	62-(629)438-8486
71	86-(753)358-7258
71	46-(934)714-7208
72	33-(465)458-6733
73	86-(311)989-5851
74	33-(767)621-4893
74	963-(367)282-4653
74	63-(994)859-1669
72	7-(115)430-8606
75	55-(506)703-3448
75	244-(631)410-6203
76	54-(604)706-8774
75	351-(594)815-0950
76	62-(940)880-6699
76	387-(863)986-6310
77	86-(699)516-2078
78	44-(150)336-7287
80	86-(652)284-3191
79	34-(927)520-2731
81	55-(973)435-5176
82	86-(942)555-4049
83	7-(811)344-5943
84	55-(338)340-3949
84	242-(365)153-2057
85	81-(335)381-3057
77	62-(824)385-0715
86	237-(470)594-4262
86	351-(133)270-7580
77	86-(767)259-7179
84	222-(952)975-3680
87	27-(343)973-6197
88	976-(100)668-1679
89	27-(819)697-3748
89	86-(788)144-1834
89	970-(989)482-9490
90	57-(669)937-7624
90	58-(276)246-8713
90	62-(915)403-0711
91	62-(380)976-3287
91	33-(465)246-4770
87	39-(572)545-5093
93	351-(503)909-0625
92	256-(618)980-5061
88	55-(426)884-0601
95	356-(981)555-9708
95	62-(694)953-1560
96	52-(332)654-2738
97	62-(729)878-8214
97	262-(366)862-7480
97	1-(312)159-4398
94	62-(633)181-4675
87	86-(592)997-4208
98	62-(415)706-1576
99	1-(782)730-5635
100	63-(764)383-8450
100	420-(754)139-1620
100	86-(997)240-6233
