50	4
50	5
50	6
50	7
50	8
50	9
50	2
50	12
50	10
50	16
50	14
50	17
50	19
50	20
50	3
50	25
50	24
50	27
50	23
50	26
50	1
50	28
50	30
50	31
50	35
50	41
50	42
50	44
50	45
50	39
50	53
50	55
50	56
50	57
50	59
50	63
50	51
50	65
50	66
50	68
50	70
50	48
50	67
50	72
50	47
50	79
50	81
50	82
50	83
50	84
50	73
50	75
50	78
50	85
50	87
50	88
50	89
50	90
50	97
50	100
56	2
56	5
56	9
56	10
56	14
56	16
56	17
50	93
56	22
56	24
50	92
56	18
50	95
56	32
56	33
56	36
56	37
56	38
56	39
56	40
56	29
56	43
56	44
56	48
56	49
56	50
56	27
56	56
56	58
56	61
56	63
56	31
56	53
56	66
56	67
56	70
56	51
56	65
56	77
56	68
56	79
56	81
56	83
56	84
56	86
56	80
56	89
56	88
56	75
56	94
56	96
56	95
56	98
56	71
56	97
18	7
18	10
18	11
18	12
18	13
18	17
18	19
18	21
18	22
18	25
18	4
18	32
18	31
18	35
18	3
18	37
18	38
18	39
18	40
18	42
18	43
18	33
56	99
18	44
18	55
18	53
18	57
18	59
18	60
18	61
18	65
18	46
18	49
18	72
18	77
18	79
18	80
18	81
18	71
18	82
18	69
18	67
18	92
18	85
18	95
100	1
100	2
100	3
100	5
18	96
100	7
100	12
100	13
100	15
100	16
18	84
18	83
100	27
100	28
100	29
100	32
100	34
100	35
100	23
100	26
100	42
100	38
100	41
100	44
100	45
100	47
100	50
100	40
100	43
100	56
100	60
100	61
100	62
100	63
100	64
100	54
100	65
100	68
100	71
100	72
100	74
100	77
100	79
100	69
100	83
100	84
100	88
100	80
100	55
100	53
100	89
100	91
100	92
100	98
100	95
69	2
69	3
69	4
69	1
69	5
69	7
69	8
69	12
69	17
69	19
100	99
69	20
69	21
69	22
69	11
100	100
69	27
69	28
69	29
69	31
69	33
69	34
69	23
69	38
69	39
69	24
69	41
69	25
69	44
69	40
69	37
69	52
69	53
69	54
69	55
69	59
69	60
69	47
69	61
69	63
69	62
69	67
69	70
69	72
69	49
69	50
69	77
69	78
69	82
69	80
69	83
69	84
69	87
69	90
69	91
69	79
69	81
69	97
69	98
69	99
69	100
24	1
69	94
24	5
69	92
24	8
24	12
24	6
24	14
24	15
24	16
24	22
24	27
24	28
24	32
24	33
24	35
24	36
24	38
24	39
24	40
24	4
24	43
24	42
24	53
24	51
24	55
24	56
24	58
24	59
24	60
24	68
24	69
24	70
24	72
24	26
24	76
24	73
69	93
24	61
24	83
24	84
24	85
24	81
24	90
24	87
24	91
24	80
24	82
24	93
24	97
24	99
24	100
92	3
92	5
24	98
24	94
92	8
92	9
92	12
92	14
24	92
92	18
92	19
92	7
92	6
92	28
92	29
92	30
92	32
92	34
92	35
92	38
92	39
92	41
92	42
92	46
92	22
92	20
92	27
92	48
92	57
92	58
92	60
92	65
92	66
92	50
92	69
92	49
92	53
92	76
92	77
92	79
92	82
92	72
92	90
92	70
92	75
92	84
92	94
92	93
92	96
92	100
88	4
88	9
88	11
88	14
88	16
88	21
92	97
88	7
88	22
88	23
88	29
88	33
88	34
88	26
88	38
88	24
88	37
88	43
88	49
88	40
88	50
88	42
88	52
88	51
88	53
88	54
88	25
88	58
88	59
88	60
88	55
88	61
88	63
88	56
88	57
88	65
88	69
88	72
88	74
88	75
88	66
88	76
88	77
88	78
88	80
88	68
88	67
88	87
88	91
88	84
88	88
88	92
88	94
88	81
88	98
88	100
73	3
73	8
73	6
73	9
88	97
73	10
73	14
73	16
73	18
73	23
73	13
73	24
88	95
73	31
73	34
73	35
73	36
73	37
73	30
73	11
73	38
73	39
73	40
73	43
73	41
73	45
73	27
73	52
73	53
73	48
73	55
73	57
73	58
73	60
73	61
73	46
73	59
73	67
73	68
73	47
73	69
73	65
73	71
73	74
73	76
73	77
73	78
73	79
73	82
73	72
73	73
73	88
73	89
73	90
73	93
73	95
73	84
73	96
73	100
63	2
73	83
63	4
63	5
63	7
63	3
73	87
63	9
63	14
63	16
63	17
63	15
63	18
73	98
63	22
63	8
63	25
63	20
63	26
63	27
63	30
63	36
63	37
63	38
63	28
63	39
63	40
63	41
63	19
63	32
63	46
63	47
63	48
63	49
63	50
63	44
63	53
63	45
63	43
63	54
63	56
63	57
63	59
63	61
63	63
63	64
63	72
63	66
63	73
63	74
63	75
63	70
63	76
63	81
63	69
63	85
63	86
63	87
63	88
63	83
63	89
63	82
63	90
63	84
63	99
63	98
63	100
1	1
1	2
1	3
63	94
1	4
1	6
1	9
63	92
1	13
1	17
1	20
1	22
1	23
1	27
1	12
1	34
1	40
1	31
1	43
1	45
1	46
1	38
1	33
1	51
1	52
1	48
1	58
1	61
1	64
1	68
1	49
1	69
1	70
1	77
1	80
1	81
1	82
1	86
1	90
1	91
1	92
1	93
1	94
1	95
1	99
1	74
1	73
1	71
15	4
15	5
15	3
15	14
15	16
15	17
15	18
15	11
15	1
15	29
15	30
15	31
15	23
15	33
15	34
15	32
15	37
15	38
15	39
15	21
15	40
15	41
15	43
15	26
15	36
15	48
15	47
15	50
15	51
15	54
15	56
15	58
15	45
15	46
15	59
15	64
15	65
15	68
15	67
15	69
15	63
15	75
15	73
15	61
15	79
15	76
15	81
15	84
15	77
15	89
15	90
15	85
15	87
15	98
15	96
74	3
74	5
74	7
15	88
74	9
15	93
74	11
74	18
74	19
74	12
74	22
74	25
74	26
74	14
74	24
74	36
74	28
74	45
74	46
74	42
74	48
74	47
74	32
74	53
74	33
74	69
74	56
74	73
74	71
74	64
74	83
74	89
74	84
74	88
74	91
74	49
74	90
74	98
4	5
4	3
4	8
4	13
4	15
4	7
4	16
4	4
4	17
4	24
4	23
4	26
4	18
4	27
4	29
4	31
4	33
4	22
4	38
4	39
4	37
4	50
4	51
4	53
4	49
4	54
4	57
4	59
4	48
4	66
4	41
4	68
4	69
4	72
4	76
4	75
4	63
4	79
4	84
4	62
4	88
4	89
4	87
4	90
4	91
4	77
4	95
4	92
4	85
4	99
45	2
4	100
45	6
45	8
45	9
45	10
45	11
45	12
45	5
45	24
45	25
45	23
45	19
45	28
45	32
45	31
45	20
45	27
45	36
45	37
45	39
45	40
45	43
45	46
45	47
45	35
45	50
45	51
45	52
45	53
45	54
45	34
45	63
45	60
45	33
45	64
45	65
45	67
45	69
45	74
45	70
45	77
45	79
45	83
45	58
45	84
45	81
45	71
45	90
45	91
45	93
45	87
45	94
45	95
45	85
45	96
45	88
45	99
45	100
79	2
79	1
79	3
79	9
45	97
79	4
79	10
79	13
79	16
79	17
79	19
79	20
79	22
79	18
79	14
79	28
79	27
79	29
79	31
79	32
79	33
79	36
79	15
79	23
79	40
79	41
79	42
79	43
79	44
79	38
79	45
79	39
79	37
79	46
79	52
79	53
79	55
79	56
79	57
79	50
79	64
79	65
79	68
79	66
79	73
79	69
79	47
79	75
79	78
79	82
79	74
79	83
79	84
79	85
79	48
79	88
79	86
79	94
79	92
79	96
79	97
79	98
79	90
80	4
80	3
79	99
80	7
80	6
80	8
80	9
80	1
80	5
80	13
80	14
80	16
80	17
80	18
80	19
80	10
80	21
80	11
80	22
80	24
80	27
80	28
80	12
80	35
80	30
80	33
80	36
80	40
80	39
80	38
80	31
80	41
80	48
80	50
80	51
80	52
80	53
80	54
80	46
80	44
80	56
80	61
80	58
80	62
80	45
80	64
80	66
80	55
80	71
80	75
80	76
80	80
80	81
80	67
80	68
80	70
80	82
80	89
80	83
80	91
80	95
80	96
80	98
80	94
80	100
80	86
80	99
93	3
93	5
93	6
93	7
80	88
93	1
93	9
93	16
93	17
93	18
93	19
93	20
93	21
93	22
93	23
93	15
93	26
93	27
93	25
93	13
93	12
93	31
93	35
93	41
93	30
93	39
93	47
93	45
93	54
93	56
93	61
93	42
93	48
93	43
93	70
93	73
93	68
93	75
93	76
93	77
93	67
93	69
93	74
93	78
93	80
93	83
93	85
93	87
93	89
93	91
93	92
93	84
93	90
93	82
93	96
93	97
13	4
13	5
93	100
13	11
13	15
93	95
13	19
13	20
13	22
13	23
13	24
13	26
13	17
13	12
13	28
13	32
13	36
13	39
13	31
13	40
13	44
13	51
13	52
13	30
13	27
13	53
13	57
13	58
13	60
13	56
13	62
13	64
13	65
13	67
13	68
13	69
13	76
13	63
13	80
13	81
13	83
13	85
13	88
13	92
13	93
13	61
13	94
13	78
13	95
41	5
13	96
41	9
41	17
41	19
41	20
41	21
41	22
13	77
41	23
41	13
41	26
41	29
41	30
41	32
41	25
41	33
41	34
41	38
41	39
41	24
41	36
41	45
41	47
41	40
41	48
41	51
41	53
41	43
41	50
41	55
41	56
41	54
41	58
41	60
41	62
41	64
41	61
41	69
41	70
41	71
41	72
41	68
41	74
41	66
41	73
41	82
41	75
41	83
41	86
41	85
41	88
41	90
41	76
41	93
41	92
41	95
41	96
41	98
41	97
60	1
41	10
60	6
60	4
60	7
60	8
60	9
60	10
60	16
60	2
60	17
60	18
60	20
60	21
60	15
60	19
60	22
60	24
60	25
60	26
60	29
60	30
60	32
60	33
60	14
60	36
60	37
60	40
60	38
60	41
60	31
60	43
60	44
60	45
60	47
60	50
60	42
60	48
60	54
60	58
60	60
60	57
60	62
60	63
60	65
60	71
60	73
60	75
60	76
60	77
60	53
60	79
60	70
60	52
60	82
60	83
60	85
60	86
60	84
60	81
60	80
60	88
60	90
60	94
60	96
60	93
60	98
96	1
60	97
60	95
96	10
96	9
60	99
96	12
96	16
96	14
96	7
96	11
96	23
96	24
96	25
96	27
96	28
96	30
96	17
96	19
96	22
96	35
96	43
96	48
96	51
96	52
96	54
96	56
96	33
96	37
96	60
96	62
96	58
96	66
96	67
96	73
96	59
96	76
96	79
96	82
96	81
96	83
96	84
96	57
96	86
96	77
96	85
96	87
96	90
96	100
59	1
59	2
59	3
59	5
59	8
59	10
59	11
96	92
59	17
59	18
96	97
59	22
59	28
59	30
96	91
59	21
59	24
59	35
59	36
59	38
59	31
59	34
59	39
59	46
59	47
59	51
59	48
59	52
59	54
59	49
59	56
59	57
59	60
59	62
59	63
59	64
59	65
59	66
59	58
59	73
59	72
59	74
59	76
59	80
59	83
59	78
59	68
59	87
59	88
59	95
59	96
59	84
59	100
16	1
16	4
16	3
59	85
16	5
16	7
16	11
16	9
16	10
16	14
16	12
16	16
16	18
16	21
16	15
16	23
16	27
16	28
16	31
16	22
16	37
16	38
16	13
16	44
16	39
16	41
16	45
16	48
16	50
16	51
59	33
16	47
16	53
16	54
16	57
16	59
16	62
16	61
16	70
16	72
16	73
16	78
16	79
16	66
16	67
16	63
16	80
16	86
16	88
16	94
16	96
16	97
16	82
82	3
82	4
82	6
82	7
16	98
16	84
82	8
82	15
82	16
82	17
82	18
82	20
82	22
82	26
82	29
82	9
82	30
82	32
82	33
82	35
16	81
82	40
82	41
82	42
82	44
82	13
82	45
82	51
82	56
82	57
82	53
82	60
82	62
82	64
82	58
82	36
82	37
82	70
82	72
82	73
82	74
82	75
82	76
82	79
82	80
82	67
82	84
82	86
82	88
82	89
82	90
82	91
82	92
82	94
82	95
82	96
82	68
6	3
6	4
6	6
6	10
82	97
6	11
6	12
82	65
82	98
6	14
6	18
6	25
6	27
6	28
6	24
6	29
6	16
6	35
6	37
6	38
6	40
6	47
6	13
6	50
6	32
6	30
6	57
6	60
6	62
6	59
6	67
6	64
6	69
6	71
6	73
6	74
6	70
6	75
6	85
6	87
6	82
6	89
6	92
6	58
6	53
6	95
6	94
6	96
6	97
58	1
58	3
58	4
58	9
58	6
58	10
58	11
58	13
58	14
58	16
58	20
58	18
58	22
58	21
58	23
58	25
58	29
58	32
58	34
58	38
58	17
58	42
58	43
58	39
58	47
58	49
58	50
58	51
58	52
58	53
58	19
58	55
58	56
58	57
58	59
58	60
58	62
58	31
58	45
58	66
58	67
58	68
58	69
58	70
58	71
58	72
58	63
58	74
58	64
58	73
58	75
58	76
58	79
58	85
58	86
58	80
58	87
58	95
58	99
58	100
19	1
19	7
58	91
58	93
58	97
19	12
19	13
19	16
19	17
19	19
19	8
19	20
19	9
19	11
19	21
19	27
19	39
19	40
19	37
19	24
19	43
19	47
19	33
19	51
19	46
19	56
19	59
19	61
19	62
19	64
19	65
19	53
19	55
19	66
19	67
19	69
19	71
19	77
19	80
19	81
19	88
19	85
19	89
19	83
98	1
19	93
98	2
98	5
98	4
98	6
98	8
19	99
98	11
98	9
98	16
98	17
98	14
98	18
98	20
98	12
98	23
98	22
98	26
98	19
98	27
98	29
98	32
98	31
98	35
98	39
98	37
98	40
98	41
98	43
98	34
98	44
98	48
98	51
98	52
98	53
98	50
98	21
98	54
98	47
98	57
98	60
98	61
98	62
98	55
98	64
98	70
98	56
98	58
98	63
98	77
98	78
98	71
98	72
98	80
98	82
98	83
98	84
98	85
98	79
98	76
98	91
98	92
98	94
98	97
98	100
98	99
52	1
98	88
52	4
52	2
52	9
52	7
98	89
52	16
52	19
52	21
52	23
52	15
52	10
52	25
52	5
52	26
52	30
52	31
52	28
52	34
52	35
52	42
52	43
52	46
52	48
52	44
52	49
52	50
52	51
52	52
52	56
52	58
52	59
52	29
52	60
52	57
52	61
52	68
52	27
52	72
52	74
52	75
52	77
52	79
52	81
52	83
52	85
52	86
52	84
52	78
52	82
52	88
52	92
52	93
52	89
52	90
52	95
52	97
52	94
52	87
21	4
21	5
21	6
52	98
21	8
21	10
21	11
52	99
21	3
21	20
21	16
21	22
21	19
21	26
21	27
21	28
21	29
21	17
21	40
21	35
21	42
21	43
21	44
21	45
21	33
21	46
21	37
21	53
21	57
21	52
21	63
21	65
21	64
21	67
21	69
21	71
21	50
21	47
21	82
21	75
21	90
21	73
21	91
21	96
21	74
21	95
21	99
75	1
21	100
21	87
75	14
75	15
75	16
75	17
75	18
75	19
75	13
75	11
75	21
75	10
75	28
75	30
75	31
75	33
75	35
75	36
75	26
75	23
75	20
75	46
75	47
75	48
75	49
75	51
75	38
75	53
75	37
75	40
75	55
75	54
75	59
75	57
75	58
75	61
75	62
75	60
75	66
75	68
75	56
75	76
75	79
75	69
75	63
75	80
75	93
75	88
75	96
75	100
23	1
23	2
23	5
75	89
75	83
23	9
23	11
23	10
23	16
23	17
23	20
23	23
23	24
23	8
23	26
23	27
23	13
23	6
23	31
23	34
23	30
23	35
23	37
23	29
23	44
23	41
23	45
23	46
23	50
23	51
23	52
23	42
23	56
23	57
23	39
23	59
23	55
23	62
23	63
23	64
23	54
23	67
23	70
23	72
23	74
23	75
23	77
23	78
23	68
23	69
23	79
23	86
23	85
23	87
23	92
23	89
23	94
23	95
23	84
23	97
23	99
23	100
53	1
23	96
23	81
53	3
53	9
53	10
53	14
53	15
53	17
53	19
53	20
53	21
53	22
53	7
53	23
53	25
53	8
53	6
53	30
53	40
53	41
53	42
53	43
53	26
53	27
53	44
53	50
53	51
53	54
53	55
53	28
53	46
53	49
53	56
53	59
53	61
53	62
53	64
53	66
53	57
53	58
53	70
53	69
53	72
53	73
53	74
53	75
53	67
53	68
53	80
53	81
53	82
53	77
53	83
53	85
53	89
53	76
53	93
53	96
53	97
53	99
53	79
53	100
54	1
53	92
54	2
54	6
53	91
54	8
54	10
54	11
54	12
54	14
54	3
54	9
54	16
54	19
54	25
54	15
54	17
54	26
54	29
54	30
54	31
54	35
54	37
54	38
54	27
54	44
54	42
54	28
54	49
54	50
54	51
54	53
54	54
54	55
54	48
54	45
54	47
54	56
54	57
54	61
54	62
54	60
54	64
54	66
54	65
54	69
54	59
54	70
54	68
54	72
54	73
54	74
54	75
54	67
54	80
54	81
54	82
54	83
54	86
54	87
54	77
54	78
54	76
54	92
54	98
54	100
54	89
54	91
47	4
47	6
47	7
47	3
47	12
47	13
47	17
47	18
47	19
47	16
47	11
47	10
47	25
47	27
47	28
47	29
47	30
47	31
47	21
47	32
47	22
47	35
47	37
47	38
47	24
47	42
47	39
47	45
47	54
47	55
47	56
47	43
47	57
47	60
47	49
47	58
47	62
47	63
47	65
47	51
47	69
47	67
47	77
47	76
47	78
47	80
47	84
47	85
47	90
47	73
47	94
47	95
83	3
83	1
83	5
47	74
47	87
83	9
83	8
83	17
83	7
83	6
83	18
83	19
83	20
83	21
83	23
83	25
83	27
83	29
83	30
83	37
83	40
83	31
83	42
83	45
83	44
83	47
83	36
83	50
83	51
83	49
83	33
83	55
83	60
83	65
83	63
83	66
83	48
83	67
83	75
83	70
83	77
83	78
83	79
83	80
83	81
83	82
83	84
83	85
83	89
83	68
83	90
83	91
83	92
83	95
83	94
83	93
83	97
83	98
71	1
71	6
71	11
71	9
71	12
71	13
71	14
71	2
71	23
71	24
71	27
71	29
71	33
71	37
71	39
71	40
71	19
71	41
71	42
71	21
71	43
71	45
71	16
71	47
71	53
71	55
71	52
71	64
71	65
71	67
71	68
71	48
71	51
71	73
71	76
71	79
71	80
71	82
71	71
71	88
71	70
71	69
71	94
71	93
71	89
71	98
71	99
76	3
76	5
76	6
71	90
76	21
76	23
76	24
76	8
76	28
76	31
76	34
76	7
76	43
76	40
76	46
76	47
76	48
76	49
76	45
76	52
76	19
76	54
76	55
76	57
76	58
76	60
76	59
76	53
76	35
76	71
76	72
76	73
76	77
76	79
76	80
76	81
76	85
76	86
76	88
76	61
76	62
76	92
76	93
76	65
76	99
76	100
39	2
39	4
39	6
39	7
39	8
39	9
39	11
39	12
39	13
39	14
76	97
76	95
76	98
39	18
39	19
39	21
39	22
39	24
39	26
39	31
39	39
39	44
39	46
39	48
39	52
39	27
39	29
39	30
39	61
39	58
39	64
39	62
39	65
39	66
39	67
39	56
39	71
39	73
39	72
39	75
39	76
39	81
39	80
39	89
39	92
39	94
39	95
39	96
39	98
39	99
39	60
3	2
3	3
3	7
3	9
3	13
39	68
39	84
3	20
3	15
3	22
3	30
3	28
3	31
3	33
3	17
3	34
3	35
3	36
3	38
3	39
3	18
3	45
3	32
3	49
3	40
3	46
3	50
3	56
3	57
3	44
3	60
3	72
3	64
3	73
3	75
3	76
3	77
3	78
3	63
3	82
3	79
3	80
3	83
3	85
3	89
3	86
3	92
3	81
3	96
3	93
3	100
11	1
11	5
11	10
11	16
11	19
11	21
11	23
11	25
11	26
11	27
3	95
11	28
3	98
11	30
11	33
11	31
11	34
11	35
11	38
3	97
11	40
11	42
11	29
11	46
11	43
11	48
11	47
11	51
11	50
11	60
11	62
11	65
11	56
11	68
11	69
11	72
11	75
11	76
11	77
11	79
11	78
11	83
11	54
11	87
11	86
11	88
11	89
11	90
11	58
11	85
11	91
11	93
11	98
11	99
43	5
43	7
43	8
43	14
43	21
43	18
43	24
43	30
43	29
43	37
43	38
43	39
43	41
43	46
43	26
43	53
43	28
43	58
43	64
43	60
43	47
43	67
43	50
43	65
43	81
43	82
43	88
43	91
43	95
43	96
43	99
29	3
29	5
29	6
29	7
29	8
29	10
43	76
43	80
29	12
29	13
29	15
29	18
29	19
43	72
29	20
29	21
29	25
29	28
29	35
29	37
29	38
29	39
29	23
29	40
29	41
29	44
29	45
29	32
29	49
29	46
29	50
29	51
29	53
29	34
29	42
29	55
29	57
29	58
29	59
29	60
29	61
29	62
29	65
29	69
29	78
29	74
29	82
29	83
29	88
29	87
29	72
29	93
29	95
29	92
29	96
29	97
5	1
5	3
5	5
29	90
29	66
5	7
5	9
5	8
5	12
5	13
5	10
5	15
5	17
5	27
5	28
5	29
5	21
5	30
5	35
5	38
5	19
5	47
5	46
5	42
5	48
5	49
5	25
5	50
5	53
5	51
5	54
5	66
5	67
5	68
5	55
5	73
5	59
5	75
5	69
5	65
5	76
5	80
5	77
5	81
5	82
5	83
5	84
5	85
5	79
5	95
5	89
5	98
5	99
9	2
9	8
9	5
5	86
5	88
9	18
9	16
9	19
9	21
9	25
9	26
9	27
9	14
9	15
9	30
9	34
9	28
9	38
9	33
9	39
9	40
9	42
9	44
9	31
9	49
9	50
9	47
9	52
9	45
9	56
9	57
9	53
9	66
9	63
9	67
9	69
9	72
9	73
9	76
9	61
9	78
9	82
9	83
9	89
9	90
9	87
9	77
9	65
9	95
9	96
9	94
9	98
9	99
9	100
70	2
9	91
70	8
70	7
70	10
70	11
70	12
70	13
70	6
9	93
70	17
70	25
70	26
70	30
70	34
70	24
70	37
70	38
70	40
70	16
70	45
70	44
70	22
70	43
70	47
70	50
70	51
70	49
70	57
70	58
70	62
70	54
70	66
70	53
70	68
70	52
70	64
70	74
70	79
70	82
70	83
70	84
70	85
70	70
70	71
70	89
70	92
70	94
70	87
70	97
70	98
94	1
70	69
70	96
94	7
94	3
94	12
94	8
94	10
94	14
94	16
94	17
94	21
94	23
94	34
94	37
94	38
94	29
94	39
94	41
94	43
94	32
94	28
94	44
94	53
94	50
94	54
94	59
94	60
94	62
94	47
94	49
94	78
94	73
94	79
94	81
94	85
94	87
94	88
94	72
94	92
94	93
94	100
10	1
10	2
94	66
10	3
94	90
10	8
10	9
10	4
10	6
10	10
10	11
10	14
10	15
94	89
10	19
10	17
10	21
10	20
10	22
10	25
10	26
10	18
10	16
10	30
10	29
10	28
10	32
10	33
10	31
10	27
10	34
10	42
10	41
10	43
10	44
10	48
10	49
10	35
10	53
10	52
10	59
10	54
10	60
10	61
10	55
10	50
10	67
10	69
10	70
10	73
10	65
10	74
10	76
10	64
10	66
10	77
10	85
10	88
10	83
10	92
10	95
10	94
10	98
10	79
10	81
30	3
30	4
30	2
30	9
30	12
30	7
30	13
10	100
30	19
30	21
30	22
30	23
30	24
30	26
30	17
30	27
30	34
30	35
30	36
30	38
30	41
30	42
30	31
30	51
30	52
30	55
30	56
30	58
30	46
30	59
30	49
10	99
30	63
30	72
30	61
30	73
30	74
30	79
30	80
30	82
30	71
30	84
30	86
30	60
30	87
30	94
30	92
30	95
30	96
30	99
57	2
30	88
30	90
57	3
57	4
57	6
57	7
57	13
57	19
57	21
57	22
57	27
57	29
57	31
57	16
57	34
57	33
57	35
57	37
57	38
57	39
57	40
57	43
57	15
57	44
57	46
57	47
57	41
57	49
57	18
57	50
57	51
57	52
57	53
57	56
57	57
57	58
57	55
57	59
57	63
57	66
57	68
57	54
57	70
57	74
57	75
57	77
57	78
57	72
57	80
57	85
57	92
57	93
57	71
57	94
64	2
57	100
64	3
64	4
64	5
64	6
57	96
64	12
64	11
64	13
64	14
64	17
64	18
64	19
64	8
57	99
64	26
64	30
64	31
64	32
64	33
64	37
64	39
64	40
64	44
64	45
64	50
64	51
64	23
64	54
64	57
64	56
64	58
64	59
64	60
64	24
64	20
64	61
64	63
64	65
64	68
64	70
64	72
64	73
64	76
64	77
64	78
64	80
64	86
64	87
64	88
64	81
64	89
64	83
64	90
64	92
64	91
64	93
64	99
72	1
64	97
72	3
72	4
72	5
72	6
64	94
72	9
72	10
72	14
72	16
72	18
72	17
64	98
72	21
72	20
72	23
72	22
72	19
72	8
72	24
72	26
72	29
72	32
72	33
72	36
72	39
72	41
72	43
72	46
72	44
72	49
72	34
72	58
72	59
72	61
72	37
72	62
72	64
72	52
72	70
72	74
72	75
72	53
72	77
72	79
72	81
72	68
72	86
72	84
72	67
72	92
72	97
72	91
12	7
12	5
72	94
12	8
12	12
12	17
12	18
72	90
12	20
12	30
12	22
12	26
12	31
12	32
12	25
12	33
12	35
12	45
12	49
12	51
12	52
12	53
12	54
12	44
12	57
12	60
12	37
12	64
12	66
12	69
12	71
12	74
12	75
12	78
12	80
12	36
12	83
12	84
12	81
12	56
12	89
12	90
12	93
12	87
12	72
12	95
12	96
12	98
12	99
25	3
25	4
25	7
25	12
25	9
25	19
25	13
25	27
25	28
25	30
25	33
25	35
25	36
25	42
25	43
25	45
25	46
25	47
25	50
25	54
25	55
25	21
25	57
25	59
25	22
25	60
25	24
25	58
25	63
25	64
25	65
25	66
25	67
25	70
25	75
25	77
25	74
25	78
25	80
25	72
25	82
25	83
25	73
25	89
25	96
25	97
25	100
68	1
68	2
25	95
68	3
68	4
68	6
25	93
68	5
25	94
68	7
68	9
68	15
68	13
68	18
68	19
68	20
68	16
68	10
68	27
68	29
68	30
68	31
68	34
68	35
68	37
68	38
68	42
68	44
68	26
68	48
68	25
68	46
68	21
68	55
68	57
68	62
68	63
68	69
68	50
68	52
68	53
68	74
68	70
68	76
68	79
68	80
68	82
68	84
68	85
68	87
68	88
68	89
68	93
68	94
68	96
68	98
68	99
55	1
68	91
68	81
55	12
55	4
55	17
55	13
55	20
55	21
55	9
55	15
55	26
55	25
55	27
55	28
55	31
55	34
55	35
55	24
55	39
55	37
55	22
55	42
55	40
55	46
55	44
55	47
55	36
55	52
55	53
55	56
55	59
55	60
55	65
55	49
55	51
55	50
55	67
55	66
55	70
55	68
55	69
55	71
55	77
55	79
55	74
55	80
55	81
55	85
55	73
55	92
55	91
55	87
55	93
55	94
55	95
55	96
55	98
55	88
55	99
87	2
87	5
87	6
55	100
87	7
87	8
87	14
87	19
87	20
87	21
87	22
87	23
87	24
87	26
87	28
87	29
87	30
87	33
87	35
87	36
87	11
87	37
87	40
87	10
87	42
87	41
87	3
87	43
87	47
87	49
87	51
87	54
87	58
87	59
87	60
87	62
87	64
87	65
87	69
87	73
87	76
87	72
87	78
87	79
87	87
87	89
87	90
87	80
87	91
87	93
87	88
87	97
87	100
37	3
87	84
37	4
37	6
37	7
37	9
87	99
37	14
37	19
37	18
37	10
37	25
37	28
37	29
37	17
37	26
37	36
37	39
37	40
37	43
37	46
37	53
37	37
37	32
37	44
37	56
37	54
37	60
37	61
37	62
37	63
37	65
37	58
37	64
37	68
37	66
37	72
37	69
37	70
37	75
37	73
37	76
37	81
37	82
37	71
37	83
37	92
37	94
37	96
37	98
37	99
37	100
37	84
37	87
84	1
84	6
84	8
84	5
84	10
84	13
84	14
84	2
84	15
84	4
84	22
84	24
84	25
84	18
84	26
84	30
84	33
84	41
84	42
84	45
84	17
84	48
84	49
84	50
84	37
84	58
84	54
84	60
84	63
84	62
84	64
84	65
84	52
84	66
84	74
84	75
84	76
84	21
84	80
84	86
84	88
84	70
84	92
84	100
84	96
2	1
84	91
2	6
2	2
2	7
2	9
84	89
2	12
2	13
2	15
2	17
2	19
2	22
2	24
2	28
2	29
2	32
2	33
2	34
2	35
2	40
2	46
2	49
2	51
2	53
2	11
2	55
2	62
2	60
2	71
2	76
2	72
2	79
2	57
2	58
2	82
2	89
2	85
2	90
2	91
2	94
2	98
2	83
33	2
33	5
33	9
33	10
33	13
33	15
33	17
33	18
33	21
33	22
33	24
33	25
33	26
2	84
33	30
33	32
33	34
33	36
33	38
33	39
33	1
33	27
33	50
33	52
33	53
33	54
33	55
33	57
33	59
33	60
33	61
33	63
33	66
33	67
33	70
33	71
33	73
33	74
33	75
33	76
33	79
33	45
33	81
33	82
33	80
33	84
33	86
33	43
33	88
33	90
33	94
33	95
33	96
33	98
33	47
33	87
49	5
49	6
49	3
49	7
49	8
49	9
49	11
49	14
49	16
49	17
49	22
49	24
49	26
49	27
33	100
49	28
49	29
49	30
49	31
49	32
49	33
49	15
49	1
49	37
49	39
49	36
49	40
49	44
49	46
49	47
49	54
49	58
49	43
49	35
49	34
49	60
49	61
49	62
49	63
49	65
49	71
49	69
49	73
49	74
49	75
49	78
49	79
49	66
49	70
49	84
49	85
49	86
49	89
49	83
49	90
49	80
49	94
49	95
49	92
49	97
49	98
49	100
8	4
8	8
8	9
8	10
49	91
8	13
8	21
8	16
8	22
8	25
8	24
8	26
8	28
8	30
49	81
8	7
8	43
8	44
8	41
8	45
8	49
8	48
8	50
8	39
8	52
8	54
8	55
8	56
8	57
8	58
8	60
8	61
8	64
8	65
8	67
8	35
8	73
8	75
8	77
8	78
8	70
8	80
8	79
8	85
8	68
8	89
8	94
8	96
8	97
8	99
8	72
42	3
42	4
42	7
42	15
42	17
42	19
8	83
42	30
42	34
42	36
42	37
42	40
42	20
8	100
42	42
42	21
42	46
42	54
42	55
42	58
42	61
42	62
42	64
42	67
42	69
42	70
42	45
42	50
42	49
42	83
42	86
42	87
42	90
42	91
42	93
42	76
42	98
42	94
42	100
78	1
78	2
78	5
42	77
42	99
78	13
78	14
78	15
42	75
78	20
78	21
78	24
78	10
78	12
78	30
78	31
78	32
78	33
78	37
78	39
78	26
78	27
78	43
78	47
78	45
78	52
78	42
78	53
78	48
78	28
78	57
78	61
78	60
78	62
78	59
78	64
78	65
78	67
78	58
78	68
78	70
78	66
78	71
78	72
78	73
78	74
78	76
78	79
78	77
78	81
78	83
78	80
78	85
78	87
78	84
78	88
78	91
78	89
78	95
78	96
85	1
78	98
85	2
78	100
85	4
85	8
85	9
85	7
78	69
85	15
85	16
85	19
85	20
85	21
85	23
85	24
85	26
85	27
85	29
85	30
85	34
85	14
85	11
85	37
85	36
85	40
85	39
85	41
85	43
85	42
85	10
85	48
85	49
85	50
85	52
85	53
85	55
85	56
85	59
85	61
85	62
85	64
85	65
85	67
85	69
85	71
85	72
85	46
85	73
85	74
85	44
85	47
85	81
85	82
85	85
85	87
85	88
85	97
85	98
85	91
85	99
36	3
36	2
36	4
85	96
36	10
36	8
36	13
36	14
36	19
36	22
36	23
36	26
36	30
36	31
36	32
36	6
36	37
36	40
85	93
36	24
36	41
36	49
36	52
36	48
36	61
36	64
36	65
36	66
36	47
36	73
36	74
36	71
36	77
36	78
36	46
36	79
36	80
36	69
36	82
36	87
36	86
36	89
36	91
36	93
36	96
36	97
36	83
67	10
67	16
67	21
67	19
67	23
67	24
67	3
67	26
67	8
67	29
67	31
67	36
67	35
67	37
67	28
67	43
67	32
67	44
67	51
67	45
67	52
67	40
67	41
67	55
67	54
67	58
67	60
67	61
67	62
67	63
67	67
67	57
67	75
67	70
67	81
67	83
67	84
67	88
67	90
67	71
67	68
67	92
61	1
67	100
61	3
61	4
61	9
61	10
61	11
67	96
67	99
61	13
61	15
61	16
61	17
61	18
61	19
61	22
61	23
61	24
61	26
61	31
61	32
61	20
61	36
61	38
61	39
61	41
61	42
61	45
61	50
61	51
61	52
61	53
61	54
61	57
61	58
61	59
61	60
61	62
61	64
61	65
61	33
61	34
61	35
61	68
61	70
61	71
61	75
61	78
61	85
61	86
61	87
61	88
61	89
61	90
61	91
61	93
61	96
61	97
61	100
46	2
46	4
46	5
46	7
46	11
46	13
46	15
61	79
61	81
61	82
46	16
46	17
46	18
46	20
46	21
46	27
46	28
46	29
46	31
46	32
46	34
46	35
46	36
46	38
46	40
46	45
46	47
46	48
46	49
46	50
46	51
46	54
46	56
46	23
46	24
46	26
46	57
46	59
46	60
46	61
46	64
46	69
46	70
46	73
46	76
46	77
46	79
46	81
46	89
46	90
46	91
46	93
46	94
46	97
65	2
65	5
65	7
65	10
65	11
46	65
46	66
46	67
65	13
65	15
65	16
65	17
65	18
65	26
65	30
65	32
65	33
65	37
65	38
65	40
65	41
65	44
65	45
65	46
65	47
65	50
65	51
65	54
65	56
65	57
65	58
65	21
65	22
65	25
65	59
65	62
65	63
65	64
65	68
65	81
65	82
65	86
65	88
65	89
65	92
65	93
65	94
65	95
65	98
65	99
65	100
31	2
31	3
31	6
31	9
31	10
31	11
65	71
65	72
65	77
31	14
31	15
31	17
31	19
31	21
31	32
31	35
31	43
31	44
31	46
31	51
31	53
31	54
31	55
31	57
31	58
31	59
31	60
31	62
31	65
31	66
31	69
31	71
31	25
31	27
31	28
31	72
31	75
31	76
31	78
31	77
31	86
31	88
31	87
31	91
31	93
31	95
31	96
31	99
38	1
31	94
38	3
38	8
38	11
38	12
38	9
31	80
38	13
38	17
38	18
38	19
31	83
38	21
38	22
38	25
38	24
38	26
38	27
38	34
38	35
38	36
38	31
38	33
38	38
38	39
38	42
38	45
38	47
38	37
38	54
38	48
38	57
38	60
38	61
38	62
38	68
38	72
38	74
38	76
38	77
38	83
38	85
38	50
38	70
38	87
38	53
38	90
38	86
38	89
38	93
38	94
38	96
91	4
91	10
91	12
91	15
91	16
91	17
38	99
91	19
91	22
91	23
91	24
91	25
91	18
38	98
91	3
91	28
91	33
91	34
91	35
91	29
91	30
91	43
91	44
91	41
91	45
91	32
91	49
91	52
91	47
91	39
91	58
91	59
91	60
91	61
91	63
91	65
91	67
91	71
91	72
91	57
91	74
91	75
91	76
91	79
91	53
91	56
91	80
91	84
91	86
91	89
91	81
91	93
91	94
91	95
91	96
48	2
48	3
91	90
48	6
48	4
48	8
48	9
48	12
48	14
48	15
91	91
91	92
48	23
48	28
48	32
48	33
48	37
48	38
48	41
48	42
48	43
48	44
48	21
48	45
48	46
48	19
48	22
48	53
48	56
48	58
48	59
48	60
48	61
48	62
48	63
48	64
48	67
48	68
48	69
48	70
48	71
48	72
48	73
48	74
48	78
48	50
48	79
48	81
48	82
48	85
48	91
48	49
48	51
48	98
48	99
89	2
89	3
89	5
48	93
48	95
89	6
89	11
89	12
89	14
89	16
89	17
89	18
89	8
89	19
89	22
89	21
89	23
89	24
89	30
89	9
89	36
89	37
89	32
89	38
89	39
89	7
89	31
89	40
89	42
89	43
89	46
89	44
89	51
89	57
89	59
89	60
89	61
89	62
89	65
89	66
89	67
89	68
89	70
89	72
89	73
89	75
89	76
89	77
89	79
89	80
89	47
89	48
89	50
89	81
89	82
89	83
89	85
89	86
89	91
89	93
89	94
89	95
89	96
89	97
89	98
90	3
90	5
90	6
90	7
90	9
90	10
90	11
90	15
90	17
90	19
90	21
89	88
89	89
89	90
90	22
90	24
90	25
90	32
90	34
90	35
90	45
90	48
90	50
90	43
90	51
90	52
90	53
90	55
90	38
90	42
90	60
90	61
90	59
90	62
90	63
90	68
90	69
90	70
90	56
90	58
90	71
90	75
90	78
90	79
90	76
90	86
90	89
90	90
90	91
90	92
90	94
90	95
90	83
90	98
34	1
34	3
34	4
34	5
34	9
34	12
34	7
34	15
34	17
34	19
90	85
90	81
34	23
34	24
34	26
34	28
34	25
34	38
34	39
34	40
34	42
34	43
34	32
34	44
34	46
34	47
34	48
34	50
34	51
34	52
34	53
34	29
34	55
34	57
34	56
34	59
34	62
34	45
34	64
34	65
34	66
34	68
34	70
34	63
34	33
34	67
34	79
34	80
34	82
34	86
34	87
34	74
34	88
34	71
34	92
34	95
34	93
34	96
34	97
34	98
34	100
17	3
17	6
17	8
17	9
17	10
17	11
17	12
34	77
17	13
34	91
17	15
17	14
17	16
17	17
17	2
17	25
17	24
17	27
17	30
17	31
17	32
17	33
17	22
17	23
17	37
17	34
17	39
17	40
17	44
17	42
17	46
17	51
17	49
17	53
17	55
17	56
17	57
17	58
17	48
17	63
17	67
17	62
17	68
17	75
17	77
17	78
17	50
17	87
17	88
17	89
17	90
17	91
17	92
17	93
17	94
17	60
17	95
17	99
17	96
17	100
17	80
17	85
35	2
35	3
35	5
35	6
35	7
35	8
35	1
35	9
35	14
35	15
35	16
35	20
35	23
35	11
35	28
35	13
35	32
35	29
35	34
35	36
35	37
35	38
35	30
35	39
35	31
35	48
35	49
35	50
35	51
35	52
35	53
35	41
35	46
35	47
35	60
35	61
35	62
35	63
35	68
35	69
35	71
35	73
35	75
35	77
35	78
35	79
35	81
35	83
35	86
35	88
35	57
35	91
35	94
35	58
35	54
35	95
35	96
35	98
35	99
66	3
66	9
66	12
66	13
66	14
66	15
66	16
66	17
66	20
66	22
66	24
66	25
66	26
66	30
66	31
66	6
66	33
66	34
66	35
66	36
66	5
66	7
66	38
66	39
66	40
66	41
66	42
66	44
66	48
66	49
66	52
66	53
66	54
66	55
66	46
66	47
66	59
66	60
66	58
66	61
66	65
66	68
66	70
66	72
66	75
66	56
66	57
66	69
66	78
66	80
66	81
66	82
66	84
66	93
66	90
66	94
66	100
66	99
32	4
32	5
66	89
32	7
32	8
66	92
32	11
32	17
32	20
32	22
32	6
32	23
32	31
32	32
32	33
32	29
32	34
32	39
32	43
32	40
32	37
32	27
32	48
32	47
32	49
32	50
32	51
32	54
32	46
32	44
32	57
32	60
32	61
32	63
32	65
32	66
32	67
32	68
32	69
32	71
32	74
32	78
32	79
32	81
32	83
32	80
32	85
32	92
32	89
32	93
32	94
32	99
99	1
99	2
32	86
99	5
99	4
99	8
99	9
99	12
99	13
99	3
99	15
32	90
99	23
99	24
99	25
99	26
99	27
99	29
99	30
99	31
99	20
99	33
99	36
99	37
99	22
99	38
99	39
99	43
99	35
99	41
99	44
99	17
99	45
99	50
99	51
99	52
99	54
99	47
99	55
99	56
99	46
99	49
99	57
99	63
99	64
99	65
99	67
99	69
99	71
99	58
99	61
99	75
99	77
99	81
99	83
99	84
99	85
99	88
99	89
99	94
99	97
99	98
99	99
99	74
99	73
99	72
99	100
20	3
20	5
20	4
20	7
20	10
20	14
20	1
20	15
20	22
20	25
20	26
20	23
20	27
20	28
20	16
20	21
20	33
20	32
20	35
20	36
20	37
20	39
20	41
20	48
20	45
20	53
20	49
20	55
20	56
20	57
20	30
20	60
20	31
20	66
20	67
20	68
20	70
20	59
20	62
20	75
20	78
20	79
20	80
20	73
20	82
20	83
20	71
20	84
20	90
20	86
20	74
20	91
20	95
20	92
20	85
20	100
44	2
44	4
44	6
44	5
44	1
44	14
44	15
44	16
44	17
44	18
44	19
44	7
44	8
44	23
44	22
44	26
44	28
44	29
44	30
44	32
44	13
44	20
44	34
44	42
44	43
44	44
44	47
44	38
44	35
44	52
44	50
44	53
44	56
44	48
44	59
44	60
44	61
44	37
44	57
44	62
44	55
44	63
44	75
44	76
44	80
44	82
44	85
44	86
44	69
44	89
44	68
44	65
44	93
40	1
44	92
40	3
40	7
40	6
40	9
44	90
44	87
40	15
40	13
40	18
40	22
40	10
40	25
40	26
40	28
40	31
40	34
40	35
40	38
40	39
40	42
40	41
40	11
40	33
40	48
40	49
40	47
40	50
40	52
40	53
40	54
40	44
40	61
40	62
40	63
40	65
40	67
40	59
40	69
40	56
40	45
40	77
40	75
40	83
40	82
40	84
40	87
40	89
40	71
40	76
40	100
40	98
62	1
62	3
62	4
62	2
40	90
62	5
40	95
62	10
62	12
62	14
62	19
62	20
62	6
62	8
62	16
62	30
62	31
62	32
62	34
62	36
62	37
62	27
62	28
62	39
62	46
62	47
62	24
62	45
62	49
62	41
62	52
62	51
62	53
62	59
62	60
62	61
62	62
62	64
62	65
62	66
62	67
62	68
62	72
62	57
62	56
62	75
62	54
62	73
62	78
62	82
62	86
62	87
62	88
62	90
62	80
62	76
62	83
62	95
62	96
62	98
62	99
77	1
77	2
77	3
77	4
77	6
77	8
62	92
77	9
77	10
62	91
77	13
77	15
62	93
77	17
77	18
77	20
77	21
77	22
77	23
77	24
77	26
77	29
77	31
77	32
77	28
77	33
77	35
77	19
77	43
77	44
77	45
77	49
77	51
77	52
77	53
77	55
77	59
77	60
77	62
77	65
77	38
77	39
77	71
77	72
77	74
77	75
77	36
77	83
77	84
77	76
77	85
77	68
77	87
77	86
77	94
77	92
77	96
77	99
77	100
97	2
77	89
77	90
97	4
97	9
97	11
97	13
97	14
97	16
97	17
97	19
97	20
97	22
97	7
97	30
97	33
97	25
97	5
97	6
97	34
97	39
97	42
97	41
97	43
97	46
97	47
97	38
97	64
97	66
97	67
97	69
97	75
97	76
97	79
97	54
97	82
97	83
97	84
97	89
97	91
97	58
97	94
97	95
97	96
97	99
81	1
97	98
97	92
81	7
81	8
81	9
81	11
81	12
81	18
97	48
81	19
81	26
81	22
81	27
81	33
81	2
81	30
81	3
81	40
81	35
81	36
81	45
81	46
81	43
81	50
81	52
81	51
81	37
81	42
81	53
81	59
81	60
81	61
81	56
81	62
81	70
81	71
81	77
81	80
81	82
81	87
81	57
81	88
81	93
81	97
81	96
81	99
22	1
81	72
22	11
81	75
81	100
22	8
22	17
22	12
22	28
22	31
22	32
22	33
22	30
22	25
22	34
22	35
22	39
22	41
22	40
22	43
22	44
22	48
22	36
22	55
22	58
22	59
22	38
22	61
22	64
22	63
22	52
22	67
22	68
22	69
22	53
22	66
22	70
22	71
22	72
22	73
22	75
22	80
22	83
22	89
22	78
22	90
22	84
22	91
22	92
22	93
22	100
95	1
95	4
95	5
22	88
22	94
22	98
95	8
95	7
95	14
95	16
95	18
95	19
95	20
95	22
95	24
95	29
95	32
95	36
95	9
95	38
95	39
95	41
95	10
95	11
95	43
95	47
95	48
95	44
95	45
95	49
95	50
95	51
95	52
95	54
95	53
95	55
95	57
95	58
95	66
95	63
95	70
95	71
95	72
95	76
95	79
95	59
95	83
95	85
95	84
95	86
95	88
95	91
95	82
95	93
95	94
95	98
95	99
95	96
95	100
27	2
27	4
95	80
27	5
27	7
27	11
27	10
27	13
27	14
27	16
27	17
27	9
27	22
27	21
27	25
27	26
27	28
27	29
27	8
27	30
27	20
27	31
27	33
27	37
27	38
27	39
27	40
27	41
27	44
27	34
27	35
27	48
27	47
27	49
27	45
27	50
27	53
27	54
27	46
27	55
27	56
27	61
27	62
27	63
27	64
27	66
27	67
27	60
27	73
27	74
27	75
27	78
27	79
27	68
27	81
27	82
27	83
27	84
27	87
27	88
27	89
27	93
27	70
27	94
27	71
27	95
27	97
27	100
27	99
14	1
14	2
14	3
14	5
14	6
14	12
14	14
14	16
14	21
14	23
14	24
14	8
14	26
14	32
14	31
14	33
14	34
14	36
14	40
14	29
14	27
14	47
14	49
14	50
14	51
14	52
14	46
14	54
14	55
14	53
14	59
14	42
14	56
14	60
14	61
14	58
14	62
14	65
14	64
14	66
14	71
14	69
14	76
14	77
14	78
14	79
14	80
14	83
14	68
14	86
14	91
14	98
14	90
14	99
14	87
7	3
7	4
7	8
14	88
7	14
7	15
7	20
7	21
7	24
7	25
7	26
7	31
7	34
7	35
7	39
7	53
7	54
7	55
7	56
7	11
7	58
7	60
7	61
7	9
7	12
7	63
7	69
7	70
7	73
7	71
7	80
7	81
7	82
7	83
7	84
7	86
7	87
7	88
7	93
7	94
7	76
7	96
7	97
7	100
28	3
28	1
28	6
28	7
28	8
7	77
7	75
28	11
28	15
28	16
28	19
28	20
28	21
28	31
28	32
28	30
28	36
28	38
28	37
28	40
28	24
28	29
28	42
28	48
28	49
28	46
28	43
28	45
28	50
28	52
28	55
28	56
28	62
28	64
28	65
28	68
28	70
28	72
28	59
28	61
28	60
28	79
28	73
28	80
28	83
28	84
28	77
28	85
28	86
28	78
28	87
28	91
28	90
28	97
28	95
28	100
26	1
26	2
28	89
28	88
26	8
26	11
26	13
26	14
26	15
26	17
26	18
26	20
26	21
26	24
26	25
26	26
26	27
26	29
26	30
26	31
26	4
26	6
26	32
26	33
26	3
26	34
26	35
26	36
26	37
26	38
26	45
26	46
26	50
26	52
26	41
26	53
26	56
26	39
26	42
26	61
26	63
26	65
26	58
26	66
26	60
26	67
26	70
26	57
26	85
26	86
26	88
26	90
26	92
26	96
26	98
26	99
51	2
51	4
51	5
51	7
51	11
26	78
51	12
51	14
51	15
26	73
51	18
51	20
26	72
51	21
51	22
51	23
51	24
51	27
51	34
51	35
51	36
51	37
51	42
51	29
51	43
51	28
51	46
51	45
51	47
51	48
51	49
51	50
51	51
51	32
51	44
51	52
51	57
51	56
51	58
51	60
51	63
51	59
51	55
51	64
51	70
51	54
51	71
51	66
51	72
51	74
51	75
51	77
51	76
51	81
51	84
51	82
51	86
51	87
51	88
51	79
51	80
51	96
51	97
51	98
51	99
51	91
51	92
86	3
86	5
86	6
86	8
86	11
86	12
51	95
51	100
86	14
86	1
86	13
86	15
86	16
86	17
86	21
86	27
86	30
86	31
86	34
86	35
86	37
86	24
86	39
86	40
86	41
86	43
86	45
86	25
86	47
86	22
86	54
86	55
86	56
86	60
86	63
86	51
86	64
86	50
86	52
86	67
86	70
86	71
86	74
86	80
86	78
86	82
86	69
86	66
86	83
86	86
86	92
86	91
86	94
86	87
86	97
86	98
86	100
86	89
