[{"_id":1,"name":"Einti","email":"snguyen0@bluehost.com","tel":[{"number":"420-(997)696-6689"},{"number":"27-(804)736-6169"},{"number":"62-(527)801-4804"}]},
{"_id":2,"name":"Gabtype","email":"cpatterson1@blogspot.com","tel":[{"number":"33-(714)267-1508"},{"number":"381-(516)449-5864"},{"number":"7-(157)607-5292"}]},
{"_id":3,"name":"Katz","email":"klane2@cisco.com","tel":[{"number":"380-(364)894-9775"},{"number":"86-(988)799-0866"}]},
{"_id":4,"name":"Voomm","email":"drose3@usnews.com","tel":[{"number":"54-(349)439-0859"},{"number":"55-(537)434-2648"},{"number":"51-(976)398-9695"}]},
{"_id":5,"name":"Linktype","email":"driley4@wiley.com","tel":[{"number":"1-(702)875-8031"},{"number":"374-(716)124-8242"}]},
{"_id":6,"name":"Blogspan","email":"jmontgomery5@woothemes.com","tel":[{"number":"33-(766)727-9058"},{"number":"62-(334)635-6550"}]},
{"_id":7,"name":"Lazzy","email":"ahawkins6@google.cn","tel":[{"number":"62-(965)232-4213"},{"number":"7-(586)327-3221"},{"number":"55-(798)538-6633"}]},
{"_id":8,"name":"Gevee","email":"mhernandez7@statcounter.com","tel":[{"number":"63-(984)831-6672"}]},
{"_id":9,"name":"Mita","email":"lporter8@google.fr","tel":[{"number":"98-(527)963-8965"},{"number":"48-(617)180-3644"}]},
{"_id":10,"name":"Linklinks","email":"bperkins9@yelp.com","tel":[{"number":"86-(519)396-1399"},{"number":"86-(434)370-3117"}]},
{"_id":11,"name":"Gabcube","email":"gperkinsa@cnbc.com","tel":[{"number":"55-(264)151-2311"},{"number":"86-(579)639-5811"}]},
{"_id":12,"name":"Quamba","email":"pkellyb@nymag.com","tel":[{"number":"7-(423)131-0947"}]},
{"_id":13,"name":"Zava","email":"cbellc@chicagotribune.com","tel":[{"number":"7-(529)837-9458"},{"number":"86-(238)246-1024"}]},
{"_id":14,"name":"Flashspan","email":"msimmonsd@histats.com","tel":[{"number":"358-(649)377-1003"},{"number":"7-(179)746-7445"},{"number":"81-(439)896-3193"}]},
{"_id":15,"name":"Zoozzy","email":"bmorgane@google.es","tel":[{"number":"351-(994)870-1815"},{"number":"56-(955)563-5561"}]},
{"_id":16,"name":"Realfire","email":"dgonzalezf@google.de","tel":[{"number":"62-(265)528-4781"}]},
{"_id":17,"name":"Skajo","email":"ahughesg@economist.com","tel":[{"number":"380-(809)835-9828"},{"number":"86-(892)271-2197"},{"number":"81-(641)322-3247"}]},
{"_id":18,"name":"Cogibox","email":"jmillerh@geocities.com","tel":[{"number":"351-(151)376-3056"}]},
{"_id":19,"name":"Zoovu","email":"areyesi@godaddy.com","tel":[{"number":"351-(516)249-5186"},{"number":"63-(485)940-3088"}]},
{"_id":20,"name":"Mynte","email":"cgomezj@weibo.com","tel":[{"number":"48-(317)274-5948"},{"number":"63-(341)740-3365"}]},
{"_id":21,"name":"Skiptube","email":"jadamsk@rakuten.co.jp","tel":[{"number":"1-(540)178-9602"},{"number":"62-(745)557-4636"},{"number":"57-(363)688-0662"}]},
{"_id":22,"name":"Dynava","email":"dkennedyl@discovery.com","tel":[{"number":"63-(620)932-7027"},{"number":"255-(962)797-5657"}]},
{"_id":23,"name":"Rhybox","email":"jpowellm@wisc.edu","tel":[{"number":"1-(158)752-9306"}]},
{"_id":24,"name":"Feedfire","email":"ngordonn@boston.com","tel":[{"number":"62-(261)872-6816"}]},
{"_id":25,"name":"Vinder","email":"wmartinezo@domainmarket.com","tel":[{"number":"86-(412)570-4344"}]},
{"_id":26,"name":"Ntags","email":"rwilliamsp@apple.com","tel":[{"number":"86-(291)524-4899"},{"number":"1-(626)396-8336"}]},
{"_id":27,"name":"Demimbu","email":"jlawrenceq@prlog.org","tel":[{"number":"7-(241)120-7411"}]},
{"_id":28,"name":"Shuffledrive","email":"esimpsonr@g.co","tel":[{"number":"7-(609)812-7160"},{"number":"380-(109)367-7826"},{"number":"30-(208)446-5947"}]},
{"_id":29,"name":"Rhyloo","email":"klanes@ifeng.com","tel":[{"number":"231-(305)105-4036"},{"number":"84-(810)279-9890"},{"number":"55-(283)417-2904"}]},
{"_id":30,"name":"Rhynyx","email":"lnicholst@mysql.com","tel":[{"number":"374-(502)443-5115"}]},
{"_id":31,"name":"Yadel","email":"dhicksu@wufoo.com","tel":[{"number":"81-(437)390-1493"}]},
{"_id":32,"name":"Thoughtbridge","email":"mstonev@abc.net.au","tel":[{"number":"353-(785)323-5182"},{"number":"255-(118)930-8881"}]},
{"_id":33,"name":"DabZ","email":"dfranklinw@homestead.com","tel":[{"number":"86-(488)467-3146"},{"number":"86-(838)450-6308"}]},
{"_id":34,"name":"Fivespan","email":"jcarterx@google.com.au","tel":[{"number":"81-(771)177-2358"}]},
{"_id":35,"name":"Blogtag","email":"ageorgey@a8.net","tel":[{"number":"355-(277)156-4925"},{"number":"7-(715)642-0448"},{"number":"55-(549)473-7395"}]},
{"_id":36,"name":"Eamia","email":"msimpsonz@usgs.gov","tel":[{"number":"976-(118)966-5610"}]},
{"_id":37,"name":"Flashspan","email":"ccampbell10@home.pl","tel":[{"number":"63-(975)474-9282"},{"number":"7-(119)519-3186"}]},
{"_id":38,"name":"Feedmix","email":"areid11@symantec.com","tel":[{"number":"62-(711)241-7113"}]},
{"_id":39,"name":"Innotype","email":"phamilton12@goo.ne.jp","tel":[{"number":"255-(755)553-0614"},{"number":"86-(549)650-6689"}]},
{"_id":40,"name":"Blogtags","email":"lray13@cdbaby.com","tel":[{"number":"62-(983)123-4718"}]},
{"_id":41,"name":"Devify","email":"jbowman14@sciencedaily.com","tel":[{"number":"234-(486)614-7833"},{"number":"380-(586)855-0125"},{"number":"84-(875)861-7600"}]},
{"_id":42,"name":"Skimia","email":"tjordan15@eventbrite.com","tel":[{"number":"30-(795)101-1230"},{"number":"7-(782)118-7567"}]},
{"_id":43,"name":"Mita","email":"rhart16@geocities.jp","tel":[{"number":"62-(459)448-6274"}]},
{"_id":44,"name":"Midel","email":"aarnold17@jigsy.com","tel":[{"number":"221-(135)119-1998"},{"number":"995-(637)101-6850"},{"number":"66-(411)869-3576"}]},
{"_id":45,"name":"Skimia","email":"tedwards18@webnode.com","tel":[{"number":"62-(227)298-1488"}]},
{"_id":46,"name":"Vitz","email":"jduncan19@apache.org","tel":[{"number":"63-(304)631-2499"},{"number":"86-(113)432-9447"},{"number":"66-(606)195-3776"}]},
{"_id":47,"name":"Podcat","email":"bhernandez1a@free.fr","tel":[{"number":"94-(992)821-6124"}]},
{"_id":48,"name":"Voonix","email":"jchavez1b@hatena.ne.jp","tel":[{"number":"86-(650)307-2861"},{"number":"374-(745)761-8359"}]},
{"_id":49,"name":"Realfire","email":"ahudson1c@pen.io","tel":[{"number":"44-(616)564-0880"},{"number":"33-(775)779-5157"}]},
{"_id":50,"name":"Aimbu","email":"agibson1d@sbwire.com","tel":[{"number":"63-(916)861-2055"},{"number":"966-(963)271-0564"},{"number":"63-(609)622-3106"}]},
{"_id":51,"name":"Zoomdog","email":"lmoreno1e@state.tx.us","tel":[{"number":"970-(984)941-3971"},{"number":"86-(265)693-4407"}]},
{"_id":52,"name":"Demizz","email":"jshaw1f@google.co.jp","tel":[{"number":"51-(798)210-3399"},{"number":"86-(902)444-9715"},{"number":"375-(937)427-8206"}]},
{"_id":53,"name":"Youtags","email":"rcarpenter1g@scientificamerican.com","tel":[{"number":"62-(848)464-8120"}]},
{"_id":54,"name":"Gabcube","email":"ajohnston1h@furl.net","tel":[{"number":"46-(619)795-9283"},{"number":"86-(726)681-3395"}]},
{"_id":55,"name":"Wordify","email":"mdaniels1i@house.gov","tel":[{"number":"86-(565)373-9374"},{"number":"7-(203)179-8046"},{"number":"225-(719)651-8070"}]},
{"_id":56,"name":"Skimia","email":"tporter1j@imdb.com","tel":[{"number":"48-(256)698-2026"}]},
{"_id":57,"name":"Teklist","email":"lpatterson1k@cyberchimps.com","tel":[{"number":"241-(953)623-0100"}]},
{"_id":58,"name":"Youopia","email":"dgutierrez1l@gov.uk","tel":[{"number":"86-(105)815-4997"},{"number":"380-(383)440-5876"},{"number":"359-(678)762-6087"}]},
{"_id":59,"name":"Wikizz","email":"gporter1m@opensource.org","tel":[{"number":"63-(460)819-5967"},{"number":"1-(411)810-7523"}]},
{"_id":60,"name":"Vinder","email":"aflores1n@independent.co.uk","tel":[{"number":"86-(672)244-1730"}]},
{"_id":61,"name":"Browsebug","email":"kharvey1o@vimeo.com","tel":[{"number":"48-(669)717-6399"},{"number":"46-(839)910-1704"},{"number":"56-(675)355-2447"}]},
{"_id":62,"name":"Voonyx","email":"shanson1p@sbwire.com","tel":[{"number":"62-(662)186-2485"},{"number":"86-(539)590-4721"}]},
{"_id":63,"name":"Vimbo","email":"alarson1q@mediafire.com","tel":[{"number":"7-(225)729-1372"}]},
{"_id":64,"name":"Meezzy","email":"hrose1r@soundcloud.com","tel":[{"number":"48-(240)907-5092"},{"number":"30-(226)496-0447"}]},
{"_id":65,"name":"Edgepulse","email":"kbradley1s@studiopress.com","tel":[{"number":"62-(206)426-8842"},{"number":"998-(480)297-2456"},{"number":"351-(747)914-3641"}]},
{"_id":66,"name":"Ntag","email":"pjenkins1t@paypal.com","tel":[{"number":"30-(129)880-7493"},{"number":"963-(932)296-4589"}]},
{"_id":67,"name":"Myworks","email":"acarter1u@barnesandnoble.com","tel":[{"number":"994-(637)762-3125"}]},
{"_id":68,"name":"Meetz","email":"tgutierrez1v@t-online.de","tel":[{"number":"269-(587)484-5205"}]},
{"_id":69,"name":"Vimbo","email":"jkim1w@google.co.uk","tel":[{"number":"86-(353)522-4165"}]},
{"_id":70,"name":"Aimbo","email":"cberry1x@admin.ch","tel":[{"number":"212-(411)616-1376"},{"number":"62-(629)438-8486"},{"number":"7-(930)503-3169"}]},
{"_id":71,"name":"Yodel","email":"phunter1y@cnn.com","tel":[{"number":"33-(963)491-9011"},{"number":"46-(934)714-7208"},{"number":"86-(753)358-7258"}]},
{"_id":72,"name":"Kaymbo","email":"mramirez1z@google.cn","tel":[{"number":"7-(115)430-8606"},{"number":"33-(465)458-6733"}]},
{"_id":73,"name":"Wordify","email":"jwoods20@biglobe.ne.jp","tel":[{"number":"86-(311)989-5851"}]},
{"_id":74,"name":"Mudo","email":"rreid21@shareasale.com","tel":[{"number":"33-(767)621-4893"},{"number":"963-(367)282-4653"},{"number":"63-(994)859-1669"}]},
{"_id":75,"name":"Midel","email":"jford22@fema.gov","tel":[{"number":"351-(594)815-0950"},{"number":"55-(506)703-3448"},{"number":"244-(631)410-6203"}]},
{"_id":76,"name":"Quinu","email":"dfrazier23@independent.co.uk","tel":[{"number":"54-(604)706-8774"},{"number":"62-(940)880-6699"},{"number":"387-(863)986-6310"}]},
{"_id":77,"name":"Twimm","email":"pstanley24@loc.gov","tel":[{"number":"62-(824)385-0715"},{"number":"86-(767)259-7179"},{"number":"86-(699)516-2078"}]},
{"_id":78,"name":"Youtags","email":"lking25@mapquest.com","tel":[{"number":"44-(150)336-7287"}]},
{"_id":79,"name":"Dazzlesphere","email":"tcollins26@senate.gov","tel":[{"number":"34-(927)520-2731"}]},
{"_id":80,"name":"Zava","email":"swebb27@ebay.co.uk","tel":[{"number":"86-(652)284-3191"}]},
{"_id":81,"name":"Devify","email":"lrice28@hatena.ne.jp","tel":[{"number":"55-(973)435-5176"}]},
{"_id":82,"name":"Skiptube","email":"sdunn29@exblog.jp","tel":[{"number":"86-(942)555-4049"}]},
{"_id":83,"name":"Zava","email":"cjohnston2a@lycos.com","tel":[{"number":"7-(811)344-5943"}]},
{"_id":84,"name":"Topdrive","email":"kandrews2b@bloglines.com","tel":[{"number":"222-(952)975-3680"},{"number":"55-(338)340-3949"},{"number":"242-(365)153-2057"}]},
{"_id":85,"name":"Thoughtstorm","email":"jhansen2c@blogtalkradio.com","tel":[{"number":"81-(335)381-3057"}]},
{"_id":86,"name":"Topicshots","email":"jpayne2d@yellowpages.com","tel":[{"number":"237-(470)594-4262"},{"number":"351-(133)270-7580"}]},
{"_id":87,"name":"Thoughtsphere","email":"dsimpson2e@wisc.edu","tel":[{"number":"27-(343)973-6197"},{"number":"86-(592)997-4208"},{"number":"39-(572)545-5093"}]},
{"_id":88,"name":"Katz","email":"afranklin2f@sakura.ne.jp","tel":[{"number":"55-(426)884-0601"},{"number":"976-(100)668-1679"}]},
{"_id":89,"name":"Feednation","email":"kcampbell2g@wordpress.org","tel":[{"number":"27-(819)697-3748"},{"number":"86-(788)144-1834"},{"number":"970-(989)482-9490"}]},
{"_id":90,"name":"Demivee","email":"tgibson2h@statcounter.com","tel":[{"number":"57-(669)937-7624"},{"number":"58-(276)246-8713"},{"number":"62-(915)403-0711"}]},
{"_id":91,"name":"Vimbo","email":"jwheeler2i@stanford.edu","tel":[{"number":"62-(380)976-3287"},{"number":"33-(465)246-4770"}]},
{"_id":92,"name":"Minyx","email":"dsimpson2j@patch.com","tel":[{"number":"256-(618)980-5061"}]},
{"_id":93,"name":"LiveZ","email":"jhughes2k@mozilla.com","tel":[{"number":"351-(503)909-0625"}]},
{"_id":94,"name":"Camido","email":"mferguson2l@unc.edu","tel":[{"number":"62-(633)181-4675"}]},
{"_id":95,"name":"Riffwire","email":"erobertson2m@cbsnews.com","tel":[{"number":"62-(694)953-1560"},{"number":"356-(981)555-9708"}]},
{"_id":96,"name":"Skippad","email":"jgraham2n@globo.com","tel":[{"number":"52-(332)654-2738"}]},
{"_id":97,"name":"Rhybox","email":"tlong2o@yahoo.com","tel":[{"number":"62-(729)878-8214"},{"number":"262-(366)862-7480"},{"number":"1-(312)159-4398"}]},
{"_id":98,"name":"Jaxnation","email":"dgonzalez2p@apache.org","tel":[{"number":"62-(415)706-1576"}]},
{"_id":99,"name":"Bubblebox","email":"wburton2q@1und1.de","tel":[{"number":"1-(782)730-5635"}]},
{"_id":100,"name":"Browsezoom","email":"gfranklin2r@icq.com","tel":[{"number":"63-(764)383-8450"},{"number":"420-(754)139-1620"},{"number":"86-(997)240-6233"}]}]